Name,DESIG,GIS_AREA,GOV_TYPE,MANG_AUTH_SUB_LOC,Total Valid Pixel Count,Count_10,Percentage_10,Area_10_ha,Area_10_km2,Count_20,Percentage_20,Area_20_ha,Area_20_km2,Count_30,Percentage_30,Area_30_ha,Area_30_km2,Count_40,Percentage_40,Area_40_ha,Area_40_km2,Count_50,Percentage_50,Area_50_ha,Area_50_km2,Count_60,Percentage_60,Area_60_ha,Area_60_km2,Count_70,Percentage_70,Area_70_ha,Area_70_km2,Count_80,Percentage_80,Area_80_ha,Area_80_km2,Count_90,Percentage_90,Area_90_ha,Area_90_km2,Count_95,Percentage_95,Area_95_ha,Area_95_km2,Count_100,Percentage_100,Area_100_ha,Area_100_km2
Gunung Leuser,National Park,8700.95977638285,Federal or national ministry or agency,,101337758,99962239,11488.65,999622.39,9996.2239,1793,0.21,17.93,0.1793,1271047,146.08,12710.47,127.1047,13389,1.54,133.89,1.3389,6444,0.74,64.44,0.6444,49527,5.69,495.27,4.9527,0,0.0,0.0,0.0,33092,3.8,330.92,3.3092,227,0.03,2.27,0.0227,0,0.0,0.0,0.0,0,0.0,0.0,0.0
Bukit Barisan Selatan,Taman Nasional,3156.60098345164,Federal or national ministry or agency,,37077117,36306884,11501.89,363068.84,3630.6884,2,0.0,0.02,0.0002,676795,214.41,6767.95,67.6795,29407,9.32,294.07,2.9407,6696,2.12,66.96,0.6696,5298,1.68,52.98,0.5298,0,0.0,0.0,0.0,36273,11.49,362.73,3.6273,911,0.29,9.11,0.0911,14851,4.7,148.51,1.4851,0,0.0,0.0,0.0
Berbak,Taman Nasional,1413.47479912924,Federal or national ministry or agency,,16540767,14515225,10269.18,145152.25,1451.5225,770319,544.98,7703.19,77.0319,1104765,781.6,11047.65,110.4765,66492,47.04,664.92,6.6492,108,0.08,1.08,0.0108,632,0.45,6.32,0.0632,0,0.0,0.0,0.0,6386,4.52,63.86,0.6386,72163,51.05,721.63,7.2163,4677,3.31,46.77,0.4677,0,0.0,0.0,0.0
Kutai,Taman Nasional,1926.34388062811,Federal or national ministry or agency,,21635959,20403934,10592.05,204039.34,2040.3934,8106,4.21,81.06,0.8106,431983,224.25,4319.83,43.1983,23255,12.07,232.55,2.3255,5686,2.95,56.86,0.5686,1868,0.97,18.68,0.1868,0,0.0,0.0,0.0,19843,10.3,198.43,1.9843,2046,1.06,20.46,0.2046,739238,383.75,7392.38,73.9238,0,0.0,0.0,0.0
Kerumutan,Suaka Margasatwa,946.94213345147,Federal or national ministry or agency,,7393393,7302119,7711.26,73021.19,730.2119,9871,10.42,98.71,0.9871,46583,49.19,465.83,4.6583,2177,2.3,21.77,0.2177,0,0.0,0.0,0.0,251,0.27,2.51,0.0251,0,0.0,0.0,0.0,11588,12.24,115.88,1.1588,20804,21.97,208.04,2.0804,0,0.0,0.0,0.0,0,0.0,0.0,0.0
Bali Barat,Taman Nasional,180.463592177362,Federal or national ministry or agency,,2132195,1563716,8664.99,15637.16,156.3716,2,0.01,0.02,0.0002,15444,85.58,154.44,1.5444,2053,11.38,20.53,0.2053,1142,6.33,11.42,0.1142,1299,7.2,12.99,0.1299,0,0.0,0.0,0.0,482141,2671.68,4821.41,48.2141,43,0.24,0.43,0.0043,66355,367.69,663.55,6.6355,0,0.0,0.0,0.0
Bromo Tengger Semeru,Taman Nasional,504.937383102169,Federal or national ministry or agency,,5964108,4691781,9291.81,46917.81,469.1781,13,0.03,0.13,0.0013,954324,1889.98,9543.24,95.4324,11943,23.65,119.43,1.1943,6086,12.05,60.86,0.6086,295828,585.87,2958.28,29.5828,0,0.0,0.0,0.0,4133,8.19,41.33,0.4133,0,0.0,0.0,0.0,0,0.0,0.0,0.0,0,0.0,0.0,0.0
Rawa Dano,Cagar Alam,39.5037444429431,Federal or national ministry or agency,,464739,310919,7870.62,3109.19,31.0919,40,1.01,0.4,0.004,57395,1452.9,573.95,5.7395,96053,2431.49,960.53,9.6053,50,1.27,0.5,0.005,7,0.18,0.07,0.0007,0,0.0,0.0,0.0,245,6.2,2.45,0.0245,30,0.76,0.3,0.003,0,0.0,0.0,0.0,0,0.0,0.0,0.0
Kawah Ijen,Cagar Alam,25.9135055958287,Federal or national ministry or agency,,306097,170575,6582.47,1705.75,17.0575,0,0.0,0.0,0.0,128444,4956.64,1284.44,12.8444,303,11.69,3.03,0.0303,1493,57.61,14.93,0.1493,5142,198.43,51.42,0.5142,0,0.0,0.0,0.0,140,5.4,1.4,0.014,0,0.0,0.0,0.0,0,0.0,0.0,0.0,0,0.0,0.0,0.0
Leuwang Sancang,Cagar Alam,33.2909839013637,Federal or national ministry or agency,,392961,259269,7787.96,2592.69,25.9269,21,0.63,0.21,0.0021,5823,174.91,58.23,0.5823,7317,219.79,73.17,0.7317,556,16.7,5.56,0.0556,1376,41.33,13.76,0.1376,0,0.0,0.0,0.0,117566,3531.47,1175.66,11.7566,1033,31.03,10.33,0.1033,0,0.0,0.0,0.0,0,0.0,0.0,0.0
Panua,Cagar Alam,365.976063062547,Federal or national ministry or agency,,4281673,4202494,11482.98,42024.94,420.2494,73,0.2,0.73,0.0073,41307,112.87,413.07,4.1307,2037,5.57,20.37,0.2037,79,0.22,0.79,0.0079,1189,3.25,11.89,0.1189,0,0.0,0.0,0.0,3034,8.29,30.34,0.3034,106,0.29,1.06,0.0106,31354,85.67,313.54,3.1354,0,0.0,0.0,0.0
Gunung Celering,Cagar Alam,13.4886503595426,Federal or national ministry or agency,,158784,156530,11604.57,1565.3,15.653,0,0.0,0.0,0.0,2254,167.1,22.54,0.2254,0,0.0,0.0,0.0,0,0.0,0.0,0.0,0,0.0,0.0,0.0,0,0.0,0.0,0.0,0,0.0,0.0,0.0,0,0.0,0.0,0.0,0,0.0,0.0,0.0,0,0.0,0.0,0.0
Tanjung Puting,National Park,4115.05471772863,Federal or national ministry or agency,,28428556,14411930,3502.25,144119.3,1441.193,7564679,1838.29,75646.79,756.4679,2352993,571.8,23529.93,235.2993,212173,51.56,2121.73,21.2173,0,0.0,0.0,0.0,17232,4.19,172.32,1.7232,0,0.0,0.0,0.0,2413030,586.39,24130.3,241.303,1412802,343.33,14128.02,141.2802,43717,10.62,437.17,4.3717,0,0.0,0.0,0.0
Gunung Ambang,Taman Wisata Alam,25.9489476140539,Federal or national ministry or agency,,303562,293579,11313.72,2935.79,29.3579,0,0.0,0.0,0.0,6998,269.68,69.98,0.6998,407,15.68,4.07,0.0407,39,1.5,0.39,0.0039,2143,82.59,21.43,0.2143,0,0.0,0.0,0.0,396,15.26,3.96,0.0396,0,0.0,0.0,0.0,0,0.0,0.0,0.0,0,0.0,0.0,0.0
Meru Betiri,Taman Nasional,653.924379350814,Federal or national ministry or agency,,7732154,6127686,9370.63,61276.86,612.7686,0,0.0,0.0,0.0,34850,53.29,348.5,3.485,7971,12.19,79.71,0.7971,3824,5.85,38.24,0.3824,5187,7.93,51.87,0.5187,0,0.0,0.0,0.0,1551861,2373.15,15518.61,155.1861,775,1.19,7.75,0.0775,0,0.0,0.0,0.0,0,0.0,0.0,0.0
Gunung Halimun - Salak,Taman Nasional,877.085392599246,Federal or national ministry or agency,,10330078,10046929,11454.9,100469.29,1004.6929,25,0.03,0.25,0.0025,145644,166.05,1456.44,14.5644,121028,137.99,1210.28,12.1028,15001,17.1,150.01,1.5001,1408,1.61,14.08,0.1408,0,0.0,0.0,0.0,43,0.05,0.43,0.0043,0,0.0,0.0,0.0,0,0.0,0.0,0.0,0,0.0,0.0,0.0
Manusela,Taman Nasional,1746.61324138963,Federal or national ministry or agency,,16335216,16089901,9212.06,160899.01,1608.9901,0,0.0,0.0,0.0,228325,130.72,2283.25,22.8325,0,0.0,0.0,0.0,18,0.01,0.18,0.0018,14257,8.16,142.57,1.4257,0,0.0,0.0,0.0,2714,1.55,27.14,0.2714,1,0.0,0.01,0.0001,0,0.0,0.0,0.0,0,0.0,0.0,0.0
Lorentz,Taman Nasional,23462.7647174211,Federal or national ministry or agency,,173911698,125883505,5365.25,1258835.05,12588.3505,15871,0.68,158.71,1.5871,5354615,228.22,53546.15,535.4615,1636,0.07,16.36,0.1636,1740,0.07,17.4,0.174,488361,20.81,4883.61,48.8361,13437,0.57,134.37,1.3437,18001243,767.23,180012.43,1800.1243,996810,42.48,9968.1,99.681,23154480,986.86,231544.8,2315.448,0,0.0,0.0,0.0
Pulau Kembang,Taman Wisata Alam,0.838409432834541,Federal or national ministry or agency,,9816,8380,9995.12,83.8,0.838,2,2.39,0.02,0.0002,0,0.0,0.0,0.0,10,11.93,0.1,0.001,0,0.0,0.0,0.0,0,0.0,0.0,0.0,0,0.0,0.0,0.0,1424,1698.45,14.24,0.1424,0,0.0,0.0,0.0,0,0.0,0.0,0.0,0,0.0,0.0,0.0
Kayan Mentarang,Taman Nasional,12723.1420852028,Federal or national ministry or agency,,70065444,70007772,5502.4,700077.72,7000.7772,3,0.0,0.03,0.0003,41994,3.3,419.94,4.1994,1489,0.12,14.89,0.1489,80,0.01,0.8,0.008,2214,0.17,22.14,0.2214,0,0.0,0.0,0.0,11892,0.93,118.92,1.1892,0,0.0,0.0,0.0,0,0.0,0.0,0.0,0,0.0,0.0,0.0
Pulau Komolon,Suaka Margasatwa,682.937535032972,Federal or national ministry or agency,,8071511,3878416,5679.02,38784.16,387.8416,471260,690.05,4712.6,47.126,54968,80.49,549.68,5.4968,14712,21.54,147.12,1.4712,0,0.0,0.0,0.0,12346,18.08,123.46,1.2346,0,0.0,0.0,0.0,65831,96.39,658.31,6.5831,87893,128.7,878.93,8.7893,3486085,5104.54,34860.85,348.6085,0,0.0,0.0,0.0
Gunung Tangkuban Parahu,Taman Wisata Alam,3.43954541836658,Federal or national ministry or agency,,40523,32906,9566.96,329.06,3.2906,0,0.0,0.0,0.0,1426,414.59,14.26,0.1426,149,43.32,1.49,0.0149,818,237.82,8.18,0.0818,5053,1469.09,50.53,0.5053,0,0.0,0.0,0.0,171,49.72,1.71,0.0171,0,0.0,0.0,0.0,0,0.0,0.0,0.0,0,0.0,0.0,0.0
Gunung Tilu,Cagar Alam,74.5103433612272,Federal or national ministry or agency,,878341,877572,11777.85,8775.72,87.7572,0,0.0,0.0,0.0,727,9.76,7.27,0.0727,42,0.56,0.42,0.0042,0,0.0,0.0,0.0,0,0.0,0.0,0.0,0,0.0,0.0,0.0,0,0.0,0.0,0.0,0,0.0,0.0,0.0,0,0.0,0.0,0.0,0,0.0,0.0,0.0
Pulau Nusa Barung,Suaka Margasatwa,78.7411747882758,Federal or national ministry or agency,,931042,905447,11499.03,9054.47,90.5447,0,0.0,0.0,0.0,2058,26.14,20.58,0.2058,27,0.34,0.27,0.0027,24,0.3,0.24,0.0024,1507,19.14,15.07,0.1507,0,0.0,0.0,0.0,21483,272.83,214.83,2.1483,496,6.3,4.96,0.0496,0,0.0,0.0,0.0,0,0.0,0.0,0.0
Batukahu I-II-III,Cagar Alam,19.2368108389349,Federal or national ministry or agency,,227370,225490,11721.8,2254.9,22.549,0,0.0,0.0,0.0,1643,85.41,16.43,0.1643,0,0.0,0.0,0.0,237,12.32,2.37,0.0237,0,0.0,0.0,0.0,0,0.0,0.0,0.0,0,0.0,0.0,0.0,0,0.0,0.0,0.0,0,0.0,0.0,0.0,0,0.0,0.0,0.0
Mandor,Cagar Alam,28.7902519956752,Federal or national ministry or agency,,336826,251211,8725.56,2512.11,25.1211,3594,124.83,35.94,0.3594,55601,1931.24,556.01,5.5601,697,24.21,6.97,0.0697,272,9.45,2.72,0.0272,22632,786.1,226.32,2.2632,0,0.0,0.0,0.0,2660,92.39,26.6,0.266,159,5.52,1.59,0.0159,0,0.0,0.0,0.0,0,0.0,0.0,0.0
Gunung Raya Passi,Cagar Alam,32.8833819441986,Federal or national ministry or agency,,384779,384587,11695.48,3845.87,38.4587,0,0.0,0.0,0.0,192,5.84,1.92,0.0192,0,0.0,0.0,0.0,0,0.0,0.0,0.0,0,0.0,0.0,0.0,0,0.0,0.0,0.0,0,0.0,0.0,0.0,0,0.0,0.0,0.0,0,0.0,0.0,0.0,0,0.0,0.0,0.0
Pararawen I-II,Cagar Alam,59.2354032654934,Federal or national ministry or agency,,693049,692699,11694.0,6926.99,69.2699,0,0.0,0.0,0.0,347,5.86,3.47,0.0347,0,0.0,0.0,0.0,0,0.0,0.0,0.0,3,0.05,0.03,0.0003,0,0.0,0.0,0.0,0,0.0,0.0,0.0,0,0.0,0.0,0.0,0,0.0,0.0,0.0,0,0.0,0.0,0.0
Bukit Tangkiling,Cagar Alam,2.81817108587841,Federal or national ministry or agency,,32992,31310,11110.04,313.1,3.131,738,261.87,7.38,0.0738,693,245.9,6.93,0.0693,13,4.61,0.13,0.0013,236,83.74,2.36,0.0236,2,0.71,0.02,0.0002,0,0.0,0.0,0.0,0,0.0,0.0,0.0,0,0.0,0.0,0.0,0,0.0,0.0,0.0,0,0.0,0.0,0.0
Padang Luway,Cagar Alam,47.8678798157334,Federal or national ministry or agency,,560032,346328,7235.08,3463.28,34.6328,1477,30.86,14.77,0.1477,211939,4427.58,2119.39,21.1939,284,5.93,2.84,0.0284,4,0.08,0.04,0.0004,0,0.0,0.0,0.0,0,0.0,0.0,0.0,0,0.0,0.0,0.0,0,0.0,0.0,0.0,0,0.0,0.0,0.0,0,0.0,0.0,0.0
Muara Kaman Sedulang,Cagar Alam,1478.87789993212,Federal or national ministry or agency,,17319789,9416973,6367.65,94169.73,941.6973,1430940,967.58,14309.4,143.094,5345830,3614.79,53458.3,534.583,50742,34.31,507.42,5.0742,28,0.02,0.28,0.0028,8183,5.53,81.83,0.8183,0,0.0,0.0,0.0,78898,53.35,788.98,7.8898,881231,595.88,8812.31,88.1231,106964,72.33,1069.64,10.6964,0,0.0,0.0,0.0
Tanjung Api,Cagar Alam,33.0586619689148,Federal or national ministry or agency,,386794,366343,11081.6,3663.43,36.6343,0,0.0,0.0,0.0,17781,537.86,177.81,1.7781,200,6.05,2.0,0.02,0,0.0,0.0,0.0,8,0.24,0.08,0.0008,0,0.0,0.0,0.0,2436,73.69,24.36,0.2436,26,0.79,0.26,0.0026,0,0.0,0.0,0.0,0,0.0,0.0,0.0
Pegunungan Cycloops,Cagar Alam,315.036152758547,Federal or national ministry or agency,,3688971,3554249,11282.04,35542.49,355.4249,0,0.0,0.0,0.0,131451,417.26,1314.51,13.1451,41,0.13,0.41,0.0041,643,2.04,6.43,0.0643,1507,4.78,15.07,0.1507,0,0.0,0.0,0.0,456,1.45,4.56,0.0456,624,1.98,6.24,0.0624,0,0.0,0.0,0.0,0,0.0,0.0,0.0
Dolok Surungan,Suaka Margasatwa,215.025736332469,Federal or national ministry or agency,,2517785,2506436,11656.45,25064.36,250.6436,0,0.0,0.0,0.0,10856,50.49,108.56,1.0856,343,1.6,3.43,0.0343,16,0.07,0.16,0.0016,116,0.54,1.16,0.0116,0,0.0,0.0,0.0,18,0.08,0.18,0.0018,0,0.0,0.0,0.0,0,0.0,0.0,0.0,0,0.0,0.0,0.0
Gumai Pasemah,Suaka Margasatwa,479.609356971665,Federal or national ministry or agency,,5623161,5506241,11480.68,55062.41,550.6241,0,0.0,0.0,0.0,116606,243.13,1166.06,11.6606,289,0.6,2.89,0.0289,16,0.03,0.16,0.0016,3,0.01,0.03,0.0003,0,0.0,0.0,0.0,6,0.01,0.06,0.0006,0,0.0,0.0,0.0,0,0.0,0.0,0.0,0,0.0,0.0,0.0
Isau-isau Pasemah,Suaka Margasatwa,167.468327869505,Federal or national ministry or agency,,1963728,1933479,11545.34,19334.79,193.3479,0,0.0,0.0,0.0,30096,179.71,300.96,3.0096,153,0.91,1.53,0.0153,0,0.0,0.0,0.0,0,0.0,0.0,0.0,0,0.0,0.0,0.0,0,0.0,0.0,0.0,0,0.0,0.0,0.0,0,0.0,0.0,0.0,0,0.0,0.0,0.0
Gunung Raya,Suaka Margasatwa,450.228502939777,Federal or national ministry or agency,,5285314,4535958,10074.79,45359.58,453.5958,0,0.0,0.0,0.0,742455,1649.06,7424.55,74.2455,1684,3.74,16.84,0.1684,5148,11.43,51.48,0.5148,42,0.09,0.42,0.0042,0,0.0,0.0,0.0,27,0.06,0.27,0.0027,0,0.0,0.0,0.0,0,0.0,0.0,0.0,0,0.0,0.0,0.0
Cikepuh,Suaka Margasatwa,81.3078213897101,Federal or national ministry or agency,,958688,913533,11235.49,9135.33,91.3533,0,0.0,0.0,0.0,26645,327.71,266.45,2.6645,10626,130.69,106.26,1.0626,137,1.68,1.37,0.0137,3014,37.07,30.14,0.3014,0,0.0,0.0,0.0,4715,57.99,47.15,0.4715,18,0.22,0.18,0.0018,0,0.0,0.0,0.0,0,0.0,0.0,0.0
Alas Purwo,Taman Nasional,440.511285915138,Federal or national ministry or agency,,5211494,5040135,11441.56,50401.35,504.0135,0,0.0,0.0,0.0,11496,26.1,114.96,1.1496,961,2.18,9.61,0.0961,692,1.57,6.92,0.0692,3405,7.73,34.05,0.3405,0,0.0,0.0,0.0,55867,126.82,558.67,5.5867,142,0.32,1.42,0.0142,98796,224.28,987.96,9.8796,0,0.0,0.0,0.0
Dataran Tinggi Yang,Suaka Margasatwa,131.819897052146,Federal or national ministry or agency,,1556741,1318959,10005.77,13189.59,131.8959,1,0.01,0.01,0.0001,236156,1791.5,2361.56,23.6156,66,0.5,0.66,0.0066,14,0.11,0.14,0.0014,388,2.94,3.88,0.0388,0,0.0,0.0,0.0,1157,8.78,11.57,0.1157,0,0.0,0.0,0.0,0,0.0,0.0,0.0,0,0.0,0.0,0.0
Gunung Rinjani,Taman Nasional,382.176258273308,Federal or national ministry or agency,,4518381,3069929,8032.76,30699.29,306.9929,18,0.05,0.18,0.0018,1317770,3448.07,13177.7,131.777,256,0.67,2.56,0.0256,401,1.05,4.01,0.0401,129300,338.33,1293.0,12.93,0,0.0,0.0,0.0,640,1.67,6.4,0.064,67,0.18,0.67,0.0067,0,0.0,0.0,0.0,0,0.0,0.0,0.0
Pulau Moyo,Taman Buru,255.864777430497,Federal or national ministry or agency,,3023755,2777302,10854.57,27773.02,277.7302,40,0.16,0.4,0.004,224600,877.81,2246.0,22.46,17877,69.87,178.77,1.7877,4,0.02,0.04,0.0004,112,0.44,1.12,0.0112,0,0.0,0.0,0.0,3820,14.93,38.2,0.382,0,0.0,0.0,0.0,0,0.0,0.0,0.0,0,0.0,0.0,0.0
Gunung Manembo-nembo,Suaka Margasatwa,61.8395197680305,Federal or national ministry or agency,,723664,709022,11465.52,7090.22,70.9022,0,0.0,0.0,0.0,14636,236.68,146.36,1.4636,0,0.0,0.0,0.0,6,0.1,0.06,0.0006,0,0.0,0.0,0.0,0,0.0,0.0,0.0,0,0.0,0.0,0.0,0,0.0,0.0,0.0,0,0.0,0.0,0.0,0,0.0,0.0,0.0
Lombuyan I and II,Suaka Margasatwa,29.6576716875925,Federal or national ministry or agency,,346984,283990,9575.6,2839.9,28.399,0,0.0,0.0,0.0,62954,2122.69,629.54,6.2954,6,0.2,0.06,0.0006,30,1.01,0.3,0.003,4,0.13,0.04,0.0004,0,0.0,0.0,0.0,0,0.0,0.0,0.0,0,0.0,0.0,0.0,0,0.0,0.0,0.0,0,0.0,0.0,0.0
Pulau Baun,Suaka Margasatwa,97.7771111802688,Federal or national ministry or agency,,1151092,647852,6625.8,6478.52,64.7852,4,0.04,0.04,0.0004,154,1.58,1.54,0.0154,0,0.0,0.0,0.0,0,0.0,0.0,0.0,210,2.15,2.1,0.021,0,0.0,0.0,0.0,17680,180.82,176.8,1.768,5,0.05,0.05,0.0005,485187,4962.17,4851.87,48.5187,0,0.0,0.0,0.0
Pulau Kaget,Suaka Margasatwa,2.92114248141324,Federal or national ministry or agency,,34236,8934,3058.39,89.34,0.8934,3397,1162.9,33.97,0.3397,3256,1114.63,32.56,0.3256,6491,2222.08,64.91,0.6491,0,0.0,0.0,0.0,0,0.0,0.0,0.0,0,0.0,0.0,0.0,692,236.89,6.92,0.0692,645,220.8,6.45,0.0645,10821,3704.37,108.21,1.0821,0,0.0,0.0,0.0
Baluran,Taman Nasional,297.069517059476,Federal or national ministry or agency,,3507218,2482952,8358.15,24829.52,248.2952,87,0.29,0.87,0.0087,168064,565.74,1680.64,16.8064,401350,1351.03,4013.5,40.135,2063,6.94,20.63,0.2063,2243,7.55,22.43,0.2243,0,0.0,0.0,0.0,409053,1376.96,4090.53,40.9053,195,0.66,1.95,0.0195,41211,138.73,412.11,4.1211,0,0.0,0.0,0.0
Komodo,Taman Nasional,1206.46332846025,Federal or national ministry or agency,,14271922,637,0.53,6.37,0.0637,0,0.0,0.0,0.0,4860,4.03,48.6,0.486,81,0.07,0.81,0.0081,43,0.04,0.43,0.0043,7209,5.98,72.09,0.7209,0,0.0,0.0,0.0,14257784,11817.83,142577.84,1425.7784,25,0.02,0.25,0.0025,1283,1.06,12.83,0.1283,0,0.0,0.0,0.0
Muara Angke,Suaka Margasatwa,0.24305014150044,Federal or national ministry or agency,,2841,1612,6632.38,16.12,0.1612,26,106.97,0.26,0.0026,78,320.92,0.78,0.0078,69,283.89,0.69,0.0069,29,119.32,0.29,0.0029,5,20.57,0.05,0.0005,0,0.0,0.0,0.0,1001,4118.49,10.01,0.1001,21,86.4,0.21,0.0021,0,0.0,0.0,0.0,0,0.0,0.0,0.0
P. Bawean,Suaka Margasatwa,39.1874718078825,Federal or national ministry or agency,,460757,459926,11736.56,4599.26,45.9926,0,0.0,0.0,0.0,673,17.17,6.73,0.0673,17,0.43,0.17,0.0017,49,1.25,0.49,0.0049,0,0.0,0.0,0.0,0,0.0,0.0,0.0,92,2.35,0.92,0.0092,0,0.0,0.0,0.0,0,0.0,0.0,0.0,0,0.0,0.0,0.0
Komodo,UNESCO-MAB Biosphere Reserve,1705.7058673882,Not Reported,,20177061,3304876,1937.54,33048.76,330.4876,65,0.04,0.65,0.0065,3181435,1865.17,31814.35,318.1435,1161,0.68,11.61,0.1161,2088,1.22,20.88,0.2088,45606,26.74,456.06,4.5606,0,0.0,0.0,0.0,13587238,7965.76,135872.38,1358.7238,474,0.28,4.74,0.0474,54118,31.73,541.18,5.4118,0,0.0,0.0,0.0
Pulau Seho,Cagar Alam,13.2663522185737,Federal or national ministry or agency,,155297,152262,11477.31,1522.62,15.2262,0,0.0,0.0,0.0,163,12.29,1.63,0.0163,0,0.0,0.0,0.0,0,0.0,0.0,0.0,28,2.11,0.28,0.0028,0,0.0,0.0,0.0,2809,211.74,28.09,0.2809,35,2.64,0.35,0.0035,0,0.0,0.0,0.0,0,0.0,0.0,0.0
Ujung Kulon,Taman Nasional,1106.3699854415,Federal or national ministry or agency,,13030306,6880876,6219.33,68808.76,688.0876,0,0.0,0.0,0.0,32285,29.18,322.85,3.2285,73437,66.38,734.37,7.3437,1526,1.38,15.26,0.1526,14550,13.15,145.5,1.455,0,0.0,0.0,0.0,5829299,5268.85,58292.99,582.9299,1779,1.61,17.79,0.1779,196554,177.66,1965.54,19.6554,0,0.0,0.0,0.0
Gunung Gede - Pangrango,National Park,243.686529318481,Federal or national ministry or agency,,2870399,2849156,11691.89,28491.56,284.9156,0,0.0,0.0,0.0,15878,65.16,158.78,1.5878,3992,16.38,39.92,0.3992,347,1.42,3.47,0.0347,1026,4.21,10.26,0.1026,0,0.0,0.0,0.0,0,0.0,0.0,0.0,0,0.0,0.0,0.0,0,0.0,0.0,0.0,0,0.0,0.0,0.0
Gunung Leuser National Park,UNESCO-MAB Biosphere Reserve,8303.0498524584,Federal or national ministry or agency,,96674422,95534509,11505.95,955345.09,9553.4509,1793,0.22,17.93,0.1793,1086048,130.8,10860.48,108.6048,3778,0.46,37.78,0.3778,4100,0.49,41.0,0.41,9997,1.2,99.97,0.9997,0,0.0,0.0,0.0,33969,4.09,339.69,3.3969,228,0.03,2.28,0.0228,0,0.0,0.0,0.0,0,0.0,0.0,0.0
Lore Lindu,Taman Nasional,2153.57006782285,Federal or national ministry or agency,,23466012,23116594,10734.08,231165.94,2311.6594,115,0.05,1.15,0.0115,339792,157.78,3397.92,33.9792,6084,2.83,60.84,0.6084,727,0.34,7.27,0.0727,1232,0.57,12.32,0.1232,0,0.0,0.0,0.0,1446,0.67,14.46,0.1446,22,0.01,0.22,0.0022,0,0.0,0.0,0.0,0,0.0,0.0,0.0
Pulau Bokor,Cagar Alam,0.182611409334529,Federal or national ministry or agency,,2149,1599,8756.3,15.99,0.1599,0,0.0,0.0,0.0,11,60.24,0.11,0.0011,7,38.33,0.07,0.0007,0,0.0,0.0,0.0,1,5.48,0.01,0.0001,0,0.0,0.0,0.0,531,2907.81,5.31,0.0531,0,0.0,0.0,0.0,0,0.0,0.0,0.0,0,0.0,0.0,0.0
Pulau Rambut,Suaka Margasatwa,0.926616986896816,Federal or national ministry or agency,,10908,1938,2091.48,19.38,0.1938,1,1.08,0.01,0.0001,65,70.15,0.65,0.0065,27,29.14,0.27,0.0027,0,0.0,0.0,0.0,7,7.55,0.07,0.0007,0,0.0,0.0,0.0,6173,6661.87,61.73,0.6173,5,5.4,0.05,0.0005,2692,2905.19,26.92,0.2692,0,0.0,0.0,0.0
Lampoko Mampie,Taman Buru,40.4836303375181,Federal or national ministry or agency,,473891,443666,10959.15,4436.66,44.3666,0,0.0,0.0,0.0,30225,746.6,302.25,3.0225,0,0.0,0.0,0.0,0,0.0,0.0,0.0,0,0.0,0.0,0.0,0,0.0,0.0,0.0,0,0.0,0.0,0.0,0,0.0,0.0,0.0,0,0.0,0.0,0.0,0,0.0,0.0,0.0
Tanjung Peropa,Suaka Margasatwa,395.001068405643,Federal or national ministry or agency,,4633502,4617174,11689.02,46171.74,461.7174,5,0.01,0.05,0.0005,3346,8.47,33.46,0.3346,83,0.21,0.83,0.0083,4,0.01,0.04,0.0004,35,0.09,0.35,0.0035,0,0.0,0.0,0.0,2808,7.11,28.08,0.2808,439,1.11,4.39,0.0439,9608,24.32,96.08,0.9608,0,0.0,0.0,0.0
Kepulauan Seribu,Taman Nasional,1129.53936639546,Federal or national ministry or agency,,13276222,23697,20.98,236.97,2.3697,6,0.01,0.06,0.0006,1390,1.23,13.9,0.139,90,0.08,0.9,0.009,6874,6.09,68.74,0.6874,652,0.58,6.52,0.0652,0,0.0,0.0,0.0,13243374,11724.58,132433.74,1324.3374,139,0.12,1.39,0.0139,0,0.0,0.0,0.0,0,0.0,0.0,0.0
Kerinci Seblat,Taman Nasional,13562.8792559436,Federal or national ministry or agency,,112479185,110157312,8121.97,1101573.12,11015.7312,0,0.0,0.0,0.0,1960955,144.58,19609.55,196.0955,151330,11.16,1513.3,15.133,3634,0.27,36.34,0.3634,38350,2.83,383.5,3.835,0,0.0,0.0,0.0,167520,12.35,1675.2,16.752,84,0.01,0.84,0.0084,0,0.0,0.0,0.0,0,0.0,0.0,0.0
Sorong,Taman Wisata Alam,10.8009018373314,Federal or national ministry or agency,,126367,125432,11613.1,1254.32,12.5432,0,0.0,0.0,0.0,396,36.66,3.96,0.0396,0,0.0,0.0,0.0,428,39.63,4.28,0.0428,111,10.28,1.11,0.0111,0,0.0,0.0,0.0,0,0.0,0.0,0.0,0,0.0,0.0,0.0,0,0.0,0.0,0.0,0,0.0,0.0,0.0
Enarotali,Cagar Alam,2804.25451411175,Federal or national ministry or agency,,32877594,30803076,10984.41,308030.76,3080.3076,289,0.1,2.89,0.0289,1757428,626.7,17574.28,175.7428,0,0.0,0.0,0.0,2548,0.91,25.48,0.2548,33581,11.98,335.81,3.3581,0,0.0,0.0,0.0,8657,3.09,86.57,0.8657,272015,97.0,2720.15,27.2015,0,0.0,0.0,0.0,0,0.0,0.0,0.0
Pegunungan Wayland,Cagar Alam,1373.06532786479,Federal or national ministry or agency,,16096923,15829348,11528.47,158293.48,1582.9348,0,0.0,0.0,0.0,239113,174.15,2391.13,23.9113,0,0.0,0.0,0.0,442,0.32,4.42,0.0442,11129,8.11,111.29,1.1129,0,0.0,0.0,0.0,3273,2.38,32.73,0.3273,13618,9.92,136.18,1.3618,0,0.0,0.0,0.0,0,0.0,0.0,0.0
Gunung Meja,Taman Wisata Alam,4.62298954031416,Federal or national ministry or agency,,54088,54080,11698.06,540.8,5.408,0,0.0,0.0,0.0,8,1.73,0.08,0.0008,0,0.0,0.0,0.0,0,0.0,0.0,0.0,0,0.0,0.0,0.0,0,0.0,0.0,0.0,0,0.0,0.0,0.0,0,0.0,0.0,0.0,0,0.0,0.0,0.0,0,0.0,0.0,0.0
Pulau Sabuda dan Pulau Tataruga,Suaka Margasatwa,168.0625083493,Federal or national ministry or agency,,1968126,82375,490.15,823.75,8.2375,0,0.0,0.0,0.0,247,1.47,2.47,0.0247,0,0.0,0.0,0.0,0,0.0,0.0,0.0,74,0.44,0.74,0.0074,0,0.0,0.0,0.0,1885343,11218.11,18853.43,188.5343,87,0.52,0.87,0.0087,0,0.0,0.0,0.0,0,0.0,0.0,0.0
Teluk Youtefa,Taman Wisata Alam,17.8889972383014,Federal or national ministry or agency,,209501,18334,1024.88,183.34,1.8334,0,0.0,0.0,0.0,2215,123.82,22.15,0.2215,33,1.84,0.33,0.0033,2625,146.74,26.25,0.2625,812,45.39,8.12,0.0812,0,0.0,0.0,0.0,170737,9544.25,1707.37,17.0737,44,2.46,0.44,0.0044,14701,821.79,147.01,1.4701,0,0.0,0.0,0.0
Pegunungan Jayawijaya,Suaka Margasatwa,7845.18285367504,Federal or national ministry or agency,,92027558,89942887,11464.73,899428.87,8994.2887,98,0.01,0.98,0.0098,1735699,221.24,17356.99,173.5699,126,0.02,1.26,0.0126,1726,0.22,17.26,0.1726,125213,15.96,1252.13,12.5213,0,0.0,0.0,0.0,220922,28.16,2209.22,22.0922,887,0.11,8.87,0.0887,0,0.0,0.0,0.0,0,0.0,0.0,0.0
Memberamo Foja,Suaka Margasatwa,17681.9581910197,Federal or national ministry or agency,,96734993,93956258,5313.68,939562.58,9395.6258,5531,0.31,55.31,0.5531,259543,14.68,2595.43,25.9543,668,0.04,6.68,0.0668,45,0.0,0.45,0.0045,89387,5.06,893.87,8.9387,0,0.0,0.0,0.0,1717964,97.16,17179.64,171.7964,103723,5.87,1037.23,10.3723,601874,34.04,6018.74,60.1874,0,0.0,0.0,0.0
Pegunungan Wondiboy,Cagar Alam,719.579851932484,Federal or national ministry or agency,,8427386,8370689,11632.75,83706.89,837.0689,0,0.0,0.0,0.0,51320,71.32,513.2,5.132,0,0.0,0.0,0.0,4763,6.62,47.63,0.4763,175,0.24,1.75,0.0175,0,0.0,0.0,0.0,439,0.61,4.39,0.0439,0,0.0,0.0,0.0,0,0.0,0.0,0.0,0,0.0,0.0,0.0
Teluk Cendrawasih,Taman Nasional,14471.3798369383,Federal or national ministry or agency,,123798077,2886939,199.49,28869.39,288.6939,227,0.02,2.27,0.0227,101080,6.98,1010.8,10.108,2,0.0,0.02,0.0002,2948,0.2,29.48,0.2948,4625,0.32,46.25,0.4625,0,0.0,0.0,0.0,120687960,8339.77,1206879.6,12068.796,3866,0.27,38.66,0.3866,110430,7.63,1104.3,11.043,0,0.0,0.0,0.0
Tamrau Utara,Cagar Alam,3556.42575873326,Federal or national ministry or agency,,41608562,41480497,11663.54,414804.97,4148.0497,3,0.0,0.03,0.0003,120805,33.97,1208.05,12.0805,14,0.0,0.14,0.0014,486,0.14,4.86,0.0486,5459,1.53,54.59,0.5459,0,0.0,0.0,0.0,1287,0.36,12.87,0.1287,11,0.0,0.11,0.0011,0,0.0,0.0,0.0,0,0.0,0.0,0.0
Pegunungan Arfak,Cagar Alam,832.705367682797,Federal or national ministry or agency,,9743742,9659777,11600.47,96597.77,965.9777,0,0.0,0.0,0.0,78079,93.77,780.79,7.8079,1,0.0,0.01,0.0001,1576,1.89,15.76,0.1576,4221,5.07,42.21,0.4221,0,0.0,0.0,0.0,88,0.11,0.88,0.0088,0,0.0,0.0,0.0,0,0.0,0.0,0.0,0,0.0,0.0,0.0
Pegunungan Kumawa,Cagar Alam,1288.53519949097,Federal or national ministry or agency,,15108545,15091323,11712.0,150913.23,1509.1323,0,0.0,0.0,0.0,9325,7.24,93.25,0.9325,23,0.02,0.23,0.0023,4,0.0,0.04,0.0004,310,0.24,3.1,0.031,0,0.0,0.0,0.0,7470,5.8,74.7,0.747,90,0.07,0.9,0.009,0,0.0,0.0,0.0,0,0.0,0.0,0.0
Pegunungan Fakfak,Cagar Alam,331.285616487032,Federal or national ministry or agency,,2187184,2186517,6600.1,21865.17,218.6517,0,0.0,0.0,0.0,658,1.99,6.58,0.0658,0,0.0,0.0,0.0,9,0.03,0.09,0.0009,0,0.0,0.0,0.0,0,0.0,0.0,0.0,0,0.0,0.0,0.0,0,0.0,0.0,0.0,0,0.0,0.0,0.0,0,0.0,0.0,0.0
Danau Bian,Suaka Margasatwa,1105.32267545216,Federal or national ministry or agency,,13032594,9156039,8283.59,91560.39,915.6039,0,0.0,0.0,0.0,333444,301.67,3334.44,33.3444,14,0.01,0.14,0.0014,39,0.04,0.39,0.0039,240,0.22,2.4,0.024,0,0.0,0.0,0.0,787848,712.78,7878.48,78.7848,2754970,2492.46,27549.7,275.497,0,0.0,0.0,0.0,0,0.0,0.0,0.0
Biak Utara,Cagar Alam,56.6138584673428,Federal or national ministry or agency,,662376,661258,11680.14,6612.58,66.1258,0,0.0,0.0,0.0,1116,19.71,11.16,0.1116,0,0.0,0.0,0.0,2,0.04,0.02,0.0002,0,0.0,0.0,0.0,0,0.0,0.0,0.0,0,0.0,0.0,0.0,0,0.0,0.0,0.0,0,0.0,0.0,0.0,0,0.0,0.0,0.0
Pulau Misool,Nature Reserve,1104.07350076211,Federal or national ministry or agency,,12923465,12089427,10949.84,120894.27,1208.9427,35,0.03,0.35,0.0035,25141,22.77,251.41,2.5141,39,0.04,0.39,0.0039,1762,1.6,17.62,0.1762,16629,15.06,166.29,1.6629,0,0.0,0.0,0.0,148501,134.5,1485.01,14.8501,1709,1.55,17.09,0.1709,640222,579.87,6402.22,64.0222,0,0.0,0.0,0.0
Pulau Salawati Utara,Cagar Alam,624.841081824826,Federal or national ministry or agency,,7310916,7194052,11513.41,71940.52,719.4052,0,0.0,0.0,0.0,10819,17.31,108.19,1.0819,503,0.81,5.03,0.0503,255,0.41,2.55,0.0255,1078,1.73,10.78,0.1078,0,0.0,0.0,0.0,17371,27.8,173.71,1.7371,0,0.0,0.0,0.0,86838,138.98,868.38,8.6838,0,0.0,0.0,0.0
Pulau Batanta Barat,Cagar Alam,169.806255182208,Federal or national ministry or agency,,1986732,1957693,11528.98,19576.93,195.7693,0,0.0,0.0,0.0,2791,16.44,27.91,0.2791,0,0.0,0.0,0.0,0,0.0,0.0,0.0,3065,18.05,30.65,0.3065,0,0.0,0.0,0.0,6016,35.43,60.16,0.6016,0,0.0,0.0,0.0,17167,101.1,171.67,1.7167,0,0.0,0.0,0.0
Waigeo Barat Timur,Cagar Alam,978.770835706125,Federal or national ministry or agency,,11450544,11102151,11342.95,111021.51,1110.2151,11,0.01,0.11,0.0011,27664,28.26,276.64,2.7664,68,0.07,0.68,0.0068,6441,6.58,64.41,0.6441,1033,1.06,10.33,0.1033,0,0.0,0.0,0.0,116107,118.63,1161.07,11.6107,1245,1.27,12.45,0.1245,195824,200.07,1958.24,19.5824,0,0.0,0.0,0.0
Yapen Tengah,Cagar Alam,1127.66564700558,Federal or national ministry or agency,,13198278,13179289,11687.23,131792.89,1317.9289,0,0.0,0.0,0.0,17594,15.6,175.94,1.7594,0,0.0,0.0,0.0,83,0.07,0.83,0.0083,896,0.79,8.96,0.0896,0,0.0,0.0,0.0,401,0.36,4.01,0.0401,15,0.01,0.15,0.0015,0,0.0,0.0,0.0,0,0.0,0.0,0.0
Selat Dampier (Raja Ampat),Kawasan Konservasi Perairan Daerah,2999.95659536693,Sub-national ministry or agency,,35099075,1094149,364.72,10941.49,109.4149,377,0.13,3.77,0.0377,10057,3.35,100.57,1.0057,35,0.01,0.35,0.0035,4468,1.49,44.68,0.4468,8912,2.97,89.12,0.8912,0,0.0,0.0,0.0,33506385,11168.96,335063.85,3350.6385,1990,0.66,19.9,0.199,472702,157.57,4727.02,47.2702,0,0.0,0.0,0.0
Klamono,Taman Wisata Alam,18.9271150129146,Federal or national ministry or agency,,221457,221430,11699.09,2214.3,22.143,0,0.0,0.0,0.0,27,1.43,0.27,0.0027,0,0.0,0.0,0.0,0,0.0,0.0,0.0,0,0.0,0.0,0.0,0,0.0,0.0,0.0,0,0.0,0.0,0.0,0,0.0,0.0,0.0,0,0.0,0.0,0.0,0,0.0,0.0,0.0
Yan Lapa,Cagar Alam,0.351781234862079,Federal or national ministry or agency,,4147,4140,11768.68,41.4,0.414,0,0.0,0.0,0.0,0,0.0,0.0,0.0,7,19.9,0.07,0.0007,0,0.0,0.0,0.0,0,0.0,0.0,0.0,0,0.0,0.0,0.0,0,0.0,0.0,0.0,0,0.0,0.0,0.0,0,0.0,0.0,0.0,0,0.0,0.0,0.0
Dungus Iwul,Cagar Alam,0.090974490371704,Federal or national ministry or agency,,1074,1074,11805.51,10.74,0.1074,0,0.0,0.0,0.0,0,0.0,0.0,0.0,0,0.0,0.0,0.0,0,0.0,0.0,0.0,0,0.0,0.0,0.0,0,0.0,0.0,0.0,0,0.0,0.0,0.0,0,0.0,0.0,0.0,0,0.0,0.0,0.0,0,0.0,0.0,0.0
Pulau Kasa,Suaka Margasatwa,0.53104806926448,Federal or national ministry or agency,,6228,4948,9317.42,49.48,0.4948,16,30.13,0.16,0.0016,339,638.36,3.39,0.0339,0,0.0,0.0,0.0,0,0.0,0.0,0.0,12,22.6,0.12,0.0012,0,0.0,0.0,0.0,884,1664.63,8.84,0.0884,29,54.61,0.29,0.0029,0,0.0,0.0,0.0,0,0.0,0.0,0.0
Telaga Warna,Cagar Alam,4.91290844787905,Federal or national ministry or agency,,57864,57754,11755.56,577.54,5.7754,0,0.0,0.0,0.0,105,21.37,1.05,0.0105,0,0.0,0.0,0.0,5,1.02,0.05,0.0005,0,0.0,0.0,0.0,0,0.0,0.0,0.0,0,0.0,0.0,0.0,0,0.0,0.0,0.0,0,0.0,0.0,0.0,0,0.0,0.0,0.0
Sukawayana,Cagar Alam,0.32389135888237,Federal or national ministry or agency,,3819,3810,11763.2,38.1,0.381,0,0.0,0.0,0.0,0,0.0,0.0,0.0,0,0.0,0.0,0.0,9,27.79,0.09,0.0009,0,0.0,0.0,0.0,0,0.0,0.0,0.0,0,0.0,0.0,0.0,0,0.0,0.0,0.0,0,0.0,0.0,0.0,0,0.0,0.0,0.0
Cibanteng,Cagar Alam,4.60232528706866,Federal or national ministry or agency,,54262,52923,11499.19,529.23,5.2923,0,0.0,0.0,0.0,1038,225.54,10.38,0.1038,19,4.13,0.19,0.0019,0,0.0,0.0,0.0,49,10.65,0.49,0.0049,0,0.0,0.0,0.0,233,50.63,2.33,0.0233,0,0.0,0.0,0.0,0,0.0,0.0,0.0,0,0.0,0.0,0.0
Takokak,Cagar Alam,0.600813524608855,Federal or national ministry or agency,,7074,7074,11774.04,70.74,0.7074,0,0.0,0.0,0.0,0,0.0,0.0,0.0,0,0.0,0.0,0.0,0,0.0,0.0,0.0,0,0.0,0.0,0.0,0,0.0,0.0,0.0,0,0.0,0.0,0.0,0,0.0,0.0,0.0,0,0.0,0.0,0.0,0,0.0,0.0,0.0
Telaga Patengan,Taman Wisata Alam,0.639742333922128,Federal or national ministry or agency,,7547,1858,2904.29,18.58,0.1858,0,0.0,0.0,0.0,282,440.8,2.82,0.0282,305,476.75,3.05,0.0305,17,26.57,0.17,0.0017,46,71.9,0.46,0.0046,0,0.0,0.0,0.0,5039,7876.61,50.39,0.5039,0,0.0,0.0,0.0,0,0.0,0.0,0.0,0,0.0,0.0,0.0
Cigenteng Cipanji,Cagar Alam,0.184986600594307,Federal or national ministry or agency,,2178,2171,11735.99,21.71,0.2171,0,0.0,0.0,0.0,7,37.84,0.07,0.0007,0,0.0,0.0,0.0,0,0.0,0.0,0.0,0,0.0,0.0,0.0,0,0.0,0.0,0.0,0,0.0,0.0,0.0,0,0.0,0.0,0.0,0,0.0,0.0,0.0,0,0.0,0.0,0.0
Gunung Jagat,Cagar Alam,1.33424929994625,Federal or national ministry or agency,,15718,15689,11758.67,156.89,1.5689,0,0.0,0.0,0.0,29,21.74,0.29,0.0029,0,0.0,0.0,0.0,0,0.0,0.0,0.0,0,0.0,0.0,0.0,0,0.0,0.0,0.0,0,0.0,0.0,0.0,0,0.0,0.0,0.0,0,0.0,0.0,0.0,0,0.0,0.0,0.0
Papandayan,Taman Wisata Alam,2.21644867433936,Federal or national ministry or agency,,26138,17917,8083.65,179.17,1.7917,0,0.0,0.0,0.0,2255,1017.39,22.55,0.2255,158,71.29,1.58,0.0158,198,89.33,1.98,0.0198,5610,2531.08,56.1,0.561,0,0.0,0.0,0.0,0,0.0,0.0,0.0,0,0.0,0.0,0.0,0,0.0,0.0,0.0,0,0.0,0.0,0.0
Papandayan,Cagar Alam,74.9564555800264,Federal or national ministry or agency,,883830,844183,11262.31,8441.83,84.4183,149,1.99,1.49,0.0149,28116,375.1,281.16,2.8116,9244,123.32,92.44,0.9244,213,2.84,2.13,0.0213,1925,25.68,19.25,0.1925,0,0.0,0.0,0.0,0,0.0,0.0,0.0,0,0.0,0.0,0.0,0,0.0,0.0,0.0,0,0.0,0.0,0.0
Talaga Bodas,Cagar Alam,2.48926515498106,Federal or national ministry or agency,,29347,28686,11523.88,286.86,2.8686,0,0.0,0.0,0.0,473,190.02,4.73,0.0473,9,3.62,0.09,0.0009,35,14.06,0.35,0.0035,80,32.14,0.8,0.008,0,0.0,0.0,0.0,64,25.71,0.64,0.0064,0,0.0,0.0,0.0,0,0.0,0.0,0.0,0,0.0,0.0,0.0
Talaga Bodas,Taman Wisata Alam,0.254620234929304,Federal or national ministry or agency,,3001,1185,4653.99,11.85,0.1185,0,0.0,0.0,0.0,123,483.07,1.23,0.0123,16,62.84,0.16,0.0016,25,98.19,0.25,0.0025,208,816.9,2.08,0.0208,0,0.0,0.0,0.0,1444,5671.19,14.44,0.1444,0,0.0,0.0,0.0,0,0.0,0.0,0.0,0,0.0,0.0,0.0
Nusa Gede Panjalu,Cagar Alam,0.086305327644615,Federal or national ministry or agency,,1020,1020,11818.51,10.2,0.102,0,0.0,0.0,0.0,0,0.0,0.0,0.0,0,0.0,0.0,0.0,0,0.0,0.0,0.0,0,0.0,0.0,0.0,0,0.0,0.0,0.0,0,0.0,0.0,0.0,0,0.0,0.0,0.0,0,0.0,0.0,0.0,0,0.0,0.0,0.0
Pananjung Pangandaran,Cagar Alam,8.5723275784388,Federal or national ministry or agency,,101180,54477,6354.98,544.77,5.4477,0,0.0,0.0,0.0,496,57.86,4.96,0.0496,22,2.57,0.22,0.0022,47,5.48,0.47,0.0047,90,10.5,0.9,0.009,0,0.0,0.0,0.0,45998,5365.87,459.98,4.5998,50,5.83,0.5,0.005,0,0.0,0.0,0.0,0,0.0,0.0,0.0
Linggarjati,Taman Wisata Alam,0.089081749762687,Federal or national ministry or agency,,1047,958,10754.17,9.58,0.0958,0,0.0,0.0,0.0,0,0.0,0.0,0.0,0,0.0,0.0,0.0,79,886.83,0.79,0.0079,1,11.23,0.01,0.0001,0,0.0,0.0,0.0,9,101.03,0.09,0.0009,0,0.0,0.0,0.0,0,0.0,0.0,0.0,0,0.0,0.0,0.0
Gunung Masigit Kareumbi,Taman Buru,125.190051723307,Federal or national ministry or agency,,1348283,1290130,10305.37,12901.3,129.013,0,0.0,0.0,0.0,56349,450.11,563.49,5.6349,1720,13.74,17.2,0.172,84,0.67,0.84,0.0084,0,0.0,0.0,0.0,0,0.0,0.0,0.0,0,0.0,0.0,0.0,0,0.0,0.0,0.0,0,0.0,0.0,0.0,0,0.0,0.0,0.0
Cimanggu,Taman Wisata Alam,1.62363064903884,Federal or national ministry or agency,,19129,18674,11501.38,186.74,1.8674,0,0.0,0.0,0.0,28,17.25,0.28,0.0028,6,3.7,0.06,0.0006,421,259.3,4.21,0.0421,0,0.0,0.0,0.0,0,0.0,0.0,0.0,0,0.0,0.0,0.0,0,0.0,0.0,0.0,0,0.0,0.0,0.0,0,0.0,0.0,0.0
Banten,Taman Hutan Raya,15.9681599100869,Sub-national ministry or agency,,187912,187876,11765.66,1878.76,18.7876,0,0.0,0.0,0.0,22,1.38,0.22,0.0022,0,0.0,0.0,0.0,14,0.88,0.14,0.0014,0,0.0,0.0,0.0,0,0.0,0.0,0.0,0,0.0,0.0,0.0,0,0.0,0.0,0.0,0,0.0,0.0,0.0,0,0.0,0.0,0.0
Gunung Simpang,Cagar Alam,147.418494724407,Federal or national ministry or agency,,1738370,1727834,11720.61,17278.34,172.7834,0,0.0,0.0,0.0,4902,33.25,49.02,0.4902,5574,37.81,55.74,0.5574,50,0.34,0.5,0.005,10,0.07,0.1,0.001,0,0.0,0.0,0.0,0,0.0,0.0,0.0,0,0.0,0.0,0.0,0,0.0,0.0,0.0,0,0.0,0.0,0.0
Gunung Sawal,Suaka Margasatwa,55.3243389059548,Federal or national ministry or agency,,652206,648663,11724.73,6486.63,64.8663,0,0.0,0.0,0.0,3484,62.97,34.84,0.3484,13,0.23,0.13,0.0013,6,0.11,0.06,0.0006,40,0.72,0.4,0.004,0,0.0,0.0,0.0,0,0.0,0.0,0.0,0,0.0,0.0,0.0,0,0.0,0.0,0.0,0,0.0,0.0,0.0
Gunung Tukung Gede,Cagar Alam,11.1563424910282,Federal or national ministry or agency,,131260,130850,11728.75,1308.5,13.085,0,0.0,0.0,0.0,377,33.79,3.77,0.0377,0,0.0,0.0,0.0,33,2.96,0.33,0.0033,0,0.0,0.0,0.0,0,0.0,0.0,0.0,0,0.0,0.0,0.0,0,0.0,0.0,0.0,0,0.0,0.0,0.0,0,0.0,0.0,0.0
Gunung Tampomas,Taman Wisata Alam,10.7286097216185,Federal or national ministry or agency,,126359,124828,11635.06,1248.28,12.4828,0,0.0,0.0,0.0,1531,142.7,15.31,0.1531,0,0.0,0.0,0.0,0,0.0,0.0,0.0,0,0.0,0.0,0.0,0,0.0,0.0,0.0,0,0.0,0.0,0.0,0,0.0,0.0,0.0,0,0.0,0.0,0.0,0,0.0,0.0,0.0
Kawah Kamojang,Cagar Alam,42.5317817348394,Federal or national ministry or agency,,501347,363404,8544.29,3634.04,36.3404,0,0.0,0.0,0.0,122159,2872.18,1221.59,12.2159,1080,25.39,10.8,0.108,14325,336.81,143.25,1.4325,379,8.91,3.79,0.0379,0,0.0,0.0,0.0,0,0.0,0.0,0.0,0,0.0,0.0,0.0,0,0.0,0.0,0.0,0,0.0,0.0,0.0
Gunung Burangrang,Cagar Alam,30.3381272861012,Federal or national ministry or agency,,357320,356455,11749.41,3564.55,35.6455,0,0.0,0.0,0.0,850,28.02,8.5,0.085,15,0.49,0.15,0.0015,0,0.0,0.0,0.0,0,0.0,0.0,0.0,0,0.0,0.0,0.0,0,0.0,0.0,0.0,0,0.0,0.0,0.0,0,0.0,0.0,0.0,0,0.0,0.0,0.0
Ir. H. Juanda,Taman Hutan Raya,5.27691365985322,Sub-national ministry or agency,,62162,61657,11684.29,616.57,6.1657,0,0.0,0.0,0.0,323,61.21,3.23,0.0323,2,0.38,0.02,0.0002,95,18.0,0.95,0.0095,1,0.19,0.01,0.0001,0,0.0,0.0,0.0,84,15.92,0.84,0.0084,0,0.0,0.0,0.0,0,0.0,0.0,0.0,0,0.0,0.0,0.0
Muara Kaman Sedulang,Cagar Alam,653.546193578808,Federal or national ministry or agency,,6330906,2821263,4316.85,28212.63,282.1263,491059,751.38,4910.59,49.1059,2628645,4022.13,26286.45,262.8645,173479,265.44,1734.79,17.3479,3060,4.68,30.6,0.306,3435,5.26,34.35,0.3435,0,0.0,0.0,0.0,46409,71.01,464.09,4.6409,163556,250.26,1635.56,16.3556,0,0.0,0.0,0.0,0,0.0,0.0,0.0
Gunung Ciremai,Taman Nasional,148.291279283889,Federal or national ministry or agency,,1747138,1519016,10243.46,15190.16,151.9016,0,0.0,0.0,0.0,221140,1491.25,2211.4,22.114,479,3.23,4.79,0.0479,2971,20.03,29.71,0.2971,1637,11.04,16.37,0.1637,0,0.0,0.0,0.0,1885,12.71,18.85,0.1885,10,0.07,0.1,0.001,0,0.0,0.0,0.0,0,0.0,0.0,0.0
Wijaya Kusuma,Cagar Alam,0.000432618895781,Federal or national ministry or agency,,6,0,0.0,0.0,0.0,0,0.0,0.0,0.0,0,0.0,0.0,0.0,0,0.0,0.0,0.0,0,0.0,0.0,0.0,0,0.0,0.0,0.0,0,0.0,0.0,0.0,6,13869.02,0.06,0.0006,0,0.0,0.0,0.0,0,0.0,0.0,0.0,0,0.0,0.0,0.0
Telaga Ranjeng,Cagar Alam,0.286400028479763,Federal or national ministry or agency,,3374,2305,8048.18,23.05,0.2305,0,0.0,0.0,0.0,310,1082.4,3.1,0.031,53,185.06,0.53,0.0053,0,0.0,0.0,0.0,3,10.47,0.03,0.0003,0,0.0,0.0,0.0,703,2454.61,7.03,0.0703,0,0.0,0.0,0.0,0,0.0,0.0,0.0,0,0.0,0.0,0.0
Guci,Taman Wisata Alam,0.022878520755898,Federal or national ministry or agency,,266,222,9703.42,2.22,0.0222,0,0.0,0.0,0.0,0,0.0,0.0,0.0,0,0.0,0.0,0.0,44,1923.2,0.44,0.0044,0,0.0,0.0,0.0,0,0.0,0.0,0.0,0,0.0,0.0,0.0,0,0.0,0.0,0.0,0,0.0,0.0,0.0,0,0.0,0.0,0.0
Telogo Warno Pengilon,Taman Wisata Alam,0.359219454838343,Federal or national ministry or agency,,4235,2770,7711.16,27.7,0.277,0,0.0,0.0,0.0,142,395.3,1.42,0.0142,24,66.81,0.24,0.0024,34,94.65,0.34,0.0034,35,97.43,0.35,0.0035,0,0.0,0.0,0.0,1230,3424.09,12.3,0.123,0,0.0,0.0,0.0,0,0.0,0.0,0.0,0,0.0,0.0,0.0
Telogo Sumurup,Cagar Alam,0.199591859970178,Federal or national ministry or agency,,2357,829,4153.48,8.29,0.0829,0,0.0,0.0,0.0,1499,7510.33,14.99,0.1499,29,145.3,0.29,0.0029,0,0.0,0.0,0.0,0,0.0,0.0,0.0,0,0.0,0.0,0.0,0,0.0,0.0,0.0,0,0.0,0.0,0.0,0,0.0,0.0,0.0,0,0.0,0.0,0.0
Telogo Dringo,Cagar Alam,0.535484455159772,Federal or national ministry or agency,,6318,4931,9208.48,49.31,0.4931,0,0.0,0.0,0.0,172,321.2,1.72,0.0172,0,0.0,0.0,0.0,2,3.73,0.02,0.0002,0,0.0,0.0,0.0,0,0.0,0.0,0.0,1213,2265.24,12.13,0.1213,0,0.0,0.0,0.0,0,0.0,0.0,0.0,0,0.0,0.0,0.0
"Peson Subah I, II",Cagar Alam,0.09720203192312,Federal or national ministry or agency,,1160,1153,11861.89,11.53,0.1153,1,10.29,0.01,0.0001,0,0.0,0.0,0.0,6,61.73,0.06,0.0006,0,0.0,0.0,0.0,0,0.0,0.0,0.0,0,0.0,0.0,0.0,0,0.0,0.0,0.0,0,0.0,0.0,0.0,0,0.0,0.0,0.0,0,0.0,0.0,0.0
Kecubung Ulolanang,Cagar Alam,0.833573717967771,Federal or national ministry or agency,,9822,9810,11768.61,98.1,0.981,0,0.0,0.0,0.0,2,2.4,0.02,0.0002,8,9.6,0.08,0.0008,0,0.0,0.0,0.0,1,1.2,0.01,0.0001,0,0.0,0.0,0.0,1,1.2,0.01,0.0001,0,0.0,0.0,0.0,0,0.0,0.0,0.0,0,0.0,0.0,0.0
Pagerwunung Darupono,Cagar Alam,0.340378701566704,Federal or national ministry or agency,,4018,4018,11804.5,40.18,0.4018,0,0.0,0.0,0.0,0,0.0,0.0,0.0,0,0.0,0.0,0.0,0,0.0,0.0,0.0,0,0.0,0.0,0.0,0,0.0,0.0,0.0,0,0.0,0.0,0.0,0,0.0,0.0,0.0,0,0.0,0.0,0.0,0,0.0,0.0,0.0
Keling II/III,Cagar Alam,0.5742932519391,Federal or national ministry or agency,,6765,3213,5594.7,32.13,0.3213,3,5.22,0.03,0.0003,3336,5808.88,33.36,0.3336,213,370.89,2.13,0.0213,0,0.0,0.0,0.0,0,0.0,0.0,0.0,0,0.0,0.0,0.0,0,0.0,0.0,0.0,0,0.0,0.0,0.0,0,0.0,0.0,0.0,0,0.0,0.0,0.0
Gebugan,Cagar Alam,0.018259430808601,Federal or national ministry or agency,,212,212,11610.44,2.12,0.0212,0,0.0,0.0,0.0,0,0.0,0.0,0.0,0,0.0,0.0,0.0,0,0.0,0.0,0.0,0,0.0,0.0,0.0,0,0.0,0.0,0.0,0,0.0,0.0,0.0,0,0.0,0.0,0.0,0,0.0,0.0,0.0,0,0.0,0.0,0.0
Sepakung,Cagar Alam,0.104927125884049,Federal or national ministry or agency,,1239,1101,10493.0,11.01,0.1101,0,0.0,0.0,0.0,138,1315.2,1.38,0.0138,0,0.0,0.0,0.0,0,0.0,0.0,0.0,0,0.0,0.0,0.0,0,0.0,0.0,0.0,0,0.0,0.0,0.0,0,0.0,0.0,0.0,0,0.0,0.0,0.0,0,0.0,0.0,0.0
Pringamba I/II (Pringamba,Cagar Alam,0.106571582401358,Federal or national ministry or agency,,1265,1265,11869.96,12.65,0.1265,0,0.0,0.0,0.0,0,0.0,0.0,0.0,0,0.0,0.0,0.0,0,0.0,0.0,0.0,0,0.0,0.0,0.0,0,0.0,0.0,0.0,0,0.0,0.0,0.0,0,0.0,0.0,0.0,0,0.0,0.0,0.0,0,0.0,0.0,0.0
Sub Vak 18c 19b Jatinegara,Cagar Alam,0.066700332278593,Federal or national ministry or agency,,793,793,11889.0,7.93,0.0793,0,0.0,0.0,0.0,0,0.0,0.0,0.0,0,0.0,0.0,0.0,0,0.0,0.0,0.0,0,0.0,0.0,0.0,0,0.0,0.0,0.0,0,0.0,0.0,0.0,0,0.0,0.0,0.0,0,0.0,0.0,0.0,0,0.0,0.0,0.0
Vak 55 Bantarbolang,Cagar Alam,0.2419727062131,Federal or national ministry or agency,,2864,2864,11836.05,28.64,0.2864,0,0.0,0.0,0.0,0,0.0,0.0,0.0,0,0.0,0.0,0.0,0,0.0,0.0,0.0,0,0.0,0.0,0.0,0,0.0,0.0,0.0,0,0.0,0.0,0.0,0,0.0,0.0,0.0,0,0.0,0.0,0.0,0,0.0,0.0,0.0
Grojogan Sewu,Taman Wisata Alam,0.641753381637627,Federal or national ministry or agency,,7582,7532,11736.6,75.32,0.7532,0,0.0,0.0,0.0,1,1.56,0.01,0.0001,3,4.67,0.03,0.0003,46,71.68,0.46,0.0046,0,0.0,0.0,0.0,0,0.0,0.0,0.0,0,0.0,0.0,0.0,0,0.0,0.0,0.0,0,0.0,0.0,0.0,0,0.0,0.0,0.0
Gunung Butak,Cagar Alam,0.475264292128495,Federal or national ministry or agency,,5596,5591,11763.98,55.91,0.5591,0,0.0,0.0,0.0,0,0.0,0.0,0.0,5,10.52,0.05,0.0005,0,0.0,0.0,0.0,0,0.0,0.0,0.0,0,0.0,0.0,0.0,0,0.0,0.0,0.0,0,0.0,0.0,0.0,0,0.0,0.0,0.0,0,0.0,0.0,0.0
Gunung Selok,Taman Wisata Alam,1.16340039831591,Federal or national ministry or agency,,13719,8365,7190.13,83.65,0.8365,43,36.96,0.43,0.0043,329,282.79,3.29,0.0329,4355,3743.34,43.55,0.4355,34,29.22,0.34,0.0034,0,0.0,0.0,0.0,0,0.0,0.0,0.0,480,412.58,4.8,0.048,113,97.13,1.13,0.0113,0,0.0,0.0,0.0,0,0.0,0.0,0.0
Bekutuk,Cagar Alam,0.251325934943063,Federal or national ministry or agency,,2968,2968,11809.37,29.68,0.2968,0,0.0,0.0,0.0,0,0.0,0.0,0.0,0,0.0,0.0,0.0,0,0.0,0.0,0.0,0,0.0,0.0,0.0,0,0.0,0.0,0.0,0,0.0,0.0,0.0,0,0.0,0.0,0.0,0,0.0,0.0,0.0,0,0.0,0.0,0.0
Kepulauan Karimun Jawa,Marine National Park,1205.30187435006,Federal or national ministry or agency,,14170886,22464,18.64,224.64,2.2464,112,0.09,1.12,0.0112,2148,1.78,21.48,0.2148,72,0.06,0.72,0.0072,247,0.2,2.47,0.0247,1090,0.9,10.9,0.109,0,0.0,0.0,0.0,14138076,11729.9,141380.76,1413.8076,695,0.58,6.95,0.0695,5982,4.96,59.82,0.5982,0,0.0,0.0,0.0
Gua Nglirip,Cagar Alam,0.019267673046828,Federal or national ministry or agency,,229,229,11885.19,2.29,0.0229,0,0.0,0.0,0.0,0,0.0,0.0,0.0,0,0.0,0.0,0.0,0,0.0,0.0,0.0,0,0.0,0.0,0.0,0,0.0,0.0,0.0,0,0.0,0.0,0.0,0,0.0,0.0,0.0,0,0.0,0.0,0.0,0,0.0,0.0,0.0
Picis,Cagar Alam,0.294174735327174,Federal or national ministry or agency,,3467,3420,11625.74,34.2,0.342,0,0.0,0.0,0.0,47,159.77,0.47,0.0047,0,0.0,0.0,0.0,0,0.0,0.0,0.0,0,0.0,0.0,0.0,0,0.0,0.0,0.0,0,0.0,0.0,0.0,0,0.0,0.0,0.0,0,0.0,0.0,0.0,0,0.0,0.0,0.0
Sigogor,Cagar Alam,1.91327999015763,Federal or national ministry or agency,,22574,22536,11778.73,225.36,2.2536,0,0.0,0.0,0.0,38,19.86,0.38,0.0038,0,0.0,0.0,0.0,0,0.0,0.0,0.0,0,0.0,0.0,0.0,0,0.0,0.0,0.0,0,0.0,0.0,0.0,0,0.0,0.0,0.0,0,0.0,0.0,0.0,0,0.0,0.0,0.0
Besowo Gadungan,Cagar Alam,0.059977409139145,Federal or national ministry or agency,,714,714,11904.48,7.14,0.0714,0,0.0,0.0,0.0,0,0.0,0.0,0.0,0,0.0,0.0,0.0,0,0.0,0.0,0.0,0,0.0,0.0,0.0,0,0.0,0.0,0.0,0,0.0,0.0,0.0,0,0.0,0.0,0.0,0,0.0,0.0,0.0,0,0.0,0.0,0.0
Manggis Gadungan,Cagar Alam,0.133613383309871,Federal or national ministry or agency,,1589,1589,11892.52,15.89,0.1589,0,0.0,0.0,0.0,0,0.0,0.0,0.0,0,0.0,0.0,0.0,0,0.0,0.0,0.0,0,0.0,0.0,0.0,0,0.0,0.0,0.0,0,0.0,0.0,0.0,0,0.0,0.0,0.0,0,0.0,0.0,0.0,0,0.0,0.0,0.0
Gunung Ambang,Cagar Alam,150.033253088181,Federal or national ministry or agency,,1755328,1721603,11474.81,17216.03,172.1603,0,0.0,0.0,0.0,26920,179.43,269.2,2.692,3404,22.69,34.04,0.3404,64,0.43,0.64,0.0064,0,0.0,0.0,0.0,0,0.0,0.0,0.0,3337,22.24,33.37,0.3337,0,0.0,0.0,0.0,0,0.0,0.0,0.0,0,0.0,0.0,0.0
Pulau Sempu,Cagar Alam,9.81892915845851,Federal or national ministry or agency,,116112,111129,11317.83,1111.29,11.1129,2,0.2,0.02,0.0002,1050,106.94,10.5,0.105,48,4.89,0.48,0.0048,3,0.31,0.03,0.0003,161,16.4,1.61,0.0161,0,0.0,0.0,0.0,2988,304.31,29.88,0.2988,731,74.45,7.31,0.0731,0,0.0,0.0,0.0,0,0.0,0.0,0.0
Gunung Baung,Taman Wisata Alam,1.9830475303076,Federal or national ministry or agency,,23397,22855,11525.19,228.55,2.2855,0,0.0,0.0,0.0,528,266.26,5.28,0.0528,7,3.53,0.07,0.0007,0,0.0,0.0,0.0,0,0.0,0.0,0.0,0,0.0,0.0,0.0,7,3.53,0.07,0.0007,0,0.0,0.0,0.0,0,0.0,0.0,0.0,0,0.0,0.0,0.0
Pancur Ijen I/II,Cagar Alam,0.019720385824349,Federal or national ministry or agency,,229,229,11612.35,2.29,0.0229,0,0.0,0.0,0.0,0,0.0,0.0,0.0,0,0.0,0.0,0.0,0,0.0,0.0,0.0,0,0.0,0.0,0.0,0,0.0,0.0,0.0,0,0.0,0.0,0.0,0,0.0,0.0,0.0,0,0.0,0.0,0.0,0,0.0,0.0,0.0
P. Noko,Cagar Alam,0.490522504937495,Federal or national ministry or agency,,5771,0,0.0,0.0,0.0,0,0.0,0.0,0.0,0,0.0,0.0,0.0,0,0.0,0.0,0.0,0,0.0,0.0,0.0,8,16.31,0.08,0.0008,0,0.0,0.0,0.0,5763,11748.7,57.63,0.5763,0,0.0,0.0,0.0,0,0.0,0.0,0.0,0,0.0,0.0,0.0
Curah Manis Sempolan I - VIII,Cagar Alam,0.173624233974195,Federal or national ministry or agency,,2040,2038,11737.99,20.38,0.2038,0,0.0,0.0,0.0,1,5.76,0.01,0.0001,0,0.0,0.0,0.0,1,5.76,0.01,0.0001,0,0.0,0.0,0.0,0,0.0,0.0,0.0,0,0.0,0.0,0.0,0,0.0,0.0,0.0,0,0.0,0.0,0.0,0,0.0,0.0,0.0
Tretes,Taman Wisata Alam,0.105943384323619,Federal or national ministry or agency,,1254,1197,11298.49,11.97,0.1197,0,0.0,0.0,0.0,0,0.0,0.0,0.0,0,0.0,0.0,0.0,57,538.02,0.57,0.0057,0,0.0,0.0,0.0,0,0.0,0.0,0.0,0,0.0,0.0,0.0,0,0.0,0.0,0.0,0,0.0,0.0,0.0,0,0.0,0.0,0.0
Nusakambangan Timur,Cagar Alam,2.10842650235754,Federal or national ministry or agency,,24890,24505,11622.41,245.05,2.4505,0,0.0,0.0,0.0,4,1.9,0.04,0.0004,8,3.79,0.08,0.0008,0,0.0,0.0,0.0,5,2.37,0.05,0.0005,0,0.0,0.0,0.0,310,147.03,3.1,0.031,58,27.51,0.58,0.0058,0,0.0,0.0,0.0,0,0.0,0.0,0.0
Teluk Adang,Cagar Alam,596.895698934815,Federal or national ministry or agency,,6986035,2386735,3998.58,23867.35,238.6735,171649,287.57,1716.49,17.1649,499709,837.18,4997.09,49.9709,187475,314.08,1874.75,18.7475,17059,28.58,170.59,1.7059,28156,47.17,281.56,2.8156,0,0.0,0.0,0.0,1071392,1794.94,10713.92,107.1392,66841,111.98,668.41,6.6841,2557019,4283.86,25570.19,255.7019,0,0.0,0.0,0.0
Manupeu Tanadaru,Taman Nasional,500.046075041595,Federal or national ministry or agency,,5932864,4953332,9905.75,49533.32,495.3332,4334,8.67,43.34,0.4334,961723,1923.27,9617.23,96.1723,345,0.69,3.45,0.0345,158,0.32,1.58,0.0158,4381,8.76,43.81,0.4381,0,0.0,0.0,0.0,8591,17.18,85.91,0.8591,0,0.0,0.0,0.0,0,0.0,0.0,0.0,0,0.0,0.0,0.0
Mubrani-Kaironi,Suaka Margasatwa,1.9156652142152,Federal or national ministry or agency,,22429,19500,10179.23,195.0,1.95,1,0.52,0.01,0.0001,325,169.65,3.25,0.0325,0,0.0,0.0,0.0,52,27.14,0.52,0.0052,73,38.11,0.73,0.0073,0,0.0,0.0,0.0,2362,1232.99,23.62,0.2362,116,60.55,1.16,0.0116,0,0.0,0.0,0.0,0,0.0,0.0,0.0
Betung Kerihun,Taman Nasional,8173.0036402225,Federal or national ministry or agency,,88478112,88409705,10817.28,884097.05,8840.9705,14,0.0,0.14,0.0014,39492,4.83,394.92,3.9492,181,0.02,1.81,0.0181,41,0.01,0.41,0.0041,6328,0.77,63.28,0.6328,0,0.0,0.0,0.0,22351,2.73,223.51,2.2351,0,0.0,0.0,0.0,0,0.0,0.0,0.0,0,0.0,0.0,0.0
Teluk Pamukan,Cagar Alam,212.799009684096,Federal or national ministry or agency,,2491985,1006295,4728.85,10062.95,100.6295,3040,14.29,30.4,0.304,184495,866.99,1844.95,18.4495,5623,26.42,56.23,0.5623,574,2.7,5.74,0.0574,755,3.55,7.55,0.0755,0,0.0,0.0,0.0,90394,424.79,903.94,9.0394,2847,13.38,28.47,0.2847,1197962,5629.55,11979.62,119.7962,0,0.0,0.0,0.0
"Teluk Kelumpang, Selat Laut dan Selat Sebuku",Cagar Alam,589.07057625646,Federal or national ministry or agency,,4621456,1287142,2185.04,12871.42,128.7142,31991,54.31,319.91,3.1991,169192,287.22,1691.92,16.9192,35584,60.41,355.84,3.5584,3747,6.36,37.47,0.3747,16153,27.42,161.53,1.6153,0,0.0,0.0,0.0,459800,780.55,4598.0,45.98,58090,98.61,580.9,5.809,2559757,4345.42,25597.57,255.9757,0,0.0,0.0,0.0
Gunung Kijang,KSA/KPA,4.62820933924193,Federal or national ministry or agency,,54154,14224,3073.33,142.24,1.4224,55,11.88,0.55,0.0055,31189,6738.89,311.89,3.1189,2760,596.34,27.6,0.276,396,85.56,3.96,0.0396,3838,829.26,38.38,0.3838,0,0.0,0.0,0.0,1591,343.76,15.91,0.1591,101,21.82,1.01,0.0101,0,0.0,0.0,0.0,0,0.0,0.0,0.0
Gunung Tambora Selatan,Game Reserve,261.781092321175,Federal or national ministry or agency,,3094414,1219939,4660.15,12199.39,121.9939,9,0.03,0.09,0.0009,1866923,7131.62,18669.23,186.6923,7542,28.81,75.42,0.7542,0,0.0,0.0,0.0,1,0.0,0.01,0.0001,0,0.0,0.0,0.0,0,0.0,0.0,0.0,0,0.0,0.0,0.0,0,0.0,0.0,0.0,0,0.0,0.0,0.0
Suranadi,Taman Wisata Alam,0.495965787712785,Federal or national ministry or agency,,5870,5866,11827.43,58.66,0.5866,0,0.0,0.0,0.0,0,0.0,0.0,0.0,0,0.0,0.0,0.0,4,8.07,0.04,0.0004,0,0.0,0.0,0.0,0,0.0,0.0,0.0,0,0.0,0.0,0.0,0,0.0,0.0,0.0,0,0.0,0.0,0.0,0,0.0,0.0,0.0
Gunung Tambora Selatan,Taman Nasional,787.241116447362,Federal or national ministry or agency,,9304249,3792516,4817.48,37925.16,379.2516,37,0.05,0.37,0.0037,5323733,6762.52,53237.33,532.3733,16519,20.98,165.19,1.6519,150,0.19,1.5,0.015,160537,203.92,1605.37,16.0537,0,0.0,0.0,0.0,10757,13.66,107.57,1.0757,0,0.0,0.0,0.0,0,0.0,0.0,0.0,0,0.0,0.0,0.0
Pulau Panjang,KSA/KPA,16.6286574247802,Federal or national ministry or agency,,196615,2210,132.9,22.1,0.221,0,0.0,0.0,0.0,19906,1197.09,199.06,1.9906,3,0.18,0.03,0.0003,0,0.0,0.0,0.0,18,1.08,0.18,0.0018,0,0.0,0.0,0.0,1679,100.97,16.79,0.1679,0,0.0,0.0,0.0,172799,10391.64,1727.99,17.2799,0,0.0,0.0,0.0
Dataran Bena,Taman Buru,18.0781755453845,Federal or national ministry or agency,,214743,103969,5751.08,1039.69,10.3969,675,37.34,6.75,0.0675,63746,3526.13,637.46,6.3746,1663,91.99,16.63,0.1663,2,0.11,0.02,0.0002,17688,978.42,176.88,1.7688,0,0.0,0.0,0.0,4172,230.78,41.72,0.4172,430,23.79,4.3,0.043,22398,1238.95,223.98,2.2398,0,0.0,0.0,0.0
Tuti Adagae/ KH Gunung Besar,Taman Wisata Alam,57.0531940391393,Federal or national ministry or agency,,674186,615342,10785.41,6153.42,61.5342,4,0.07,0.04,0.0004,57994,1016.49,579.94,5.7994,0,0.0,0.0,0.0,840,14.72,8.4,0.084,3,0.05,0.03,0.0003,0,0.0,0.0,0.0,3,0.05,0.03,0.0003,0,0.0,0.0,0.0,0,0.0,0.0,0.0,0,0.0,0.0,0.0
Gunung Mutis,Cagar Alam,123.194638760275,Federal or national ministry or agency,,1461107,1217158,9879.96,12171.58,121.7158,0,0.0,0.0,0.0,242356,1967.26,2423.56,24.2356,18,0.15,0.18,0.0018,491,3.99,4.91,0.0491,1073,8.71,10.73,0.1073,0,0.0,0.0,0.0,11,0.09,0.11,0.0011,0,0.0,0.0,0.0,0,0.0,0.0,0.0,0,0.0,0.0,0.0
Pulau Rusa,Taman Wisata Alam,13.9158662494705,Federal or national ministry or agency,,164502,2064,148.32,20.64,0.2064,0,0.0,0.0,0.0,157906,11347.19,1579.06,15.7906,0,0.0,0.0,0.0,0,0.0,0.0,0.0,2886,207.39,28.86,0.2886,0,0.0,0.0,0.0,1645,118.21,16.45,0.1645,1,0.07,0.01,0.0001,0,0.0,0.0,0.0,0,0.0,0.0,0.0
KH Egon Ilewekoh Lewotobi,Suaka Margasatwa,16.9540248184744,Federal or national ministry or agency,,200560,198912,11732.44,1989.12,19.8912,0,0.0,0.0,0.0,1648,97.2,16.48,0.1648,0,0.0,0.0,0.0,0,0.0,0.0,0.0,0,0.0,0.0,0.0,0,0.0,0.0,0.0,0,0.0,0.0,0.0,0,0.0,0.0,0.0,0,0.0,0.0,0.0,0,0.0,0.0,0.0
Teluk Pelikan,Nature Reserve,25.5111936395832,Not Reported,,303145,130694,5123.01,1306.94,13.0694,379,14.86,3.79,0.0379,53746,2106.76,537.46,5.3746,2121,83.14,21.21,0.2121,1864,73.07,18.64,0.1864,6027,236.25,60.27,0.6027,0,0.0,0.0,0.0,102620,4022.55,1026.2,10.262,86,3.37,0.86,0.0086,5608,219.83,56.08,0.5608,0,0.0,0.0,0.0
Pulau Dana,Cagar Alam,0.34536127375032,Federal or national ministry or agency,,4072,295,854.18,2.95,0.0295,0,0.0,0.0,0.0,51,147.67,0.51,0.0051,74,214.27,0.74,0.0074,0,0.0,0.0,0.0,0,0.0,0.0,0.0,0,0.0,0.0,0.0,565,1635.97,5.65,0.0565,98,283.76,0.98,0.0098,2989,8654.71,29.89,0.2989,0,0.0,0.0,0.0
Panelokan,Taman Wisata Alam,5.68938488967653,Federal or national ministry or agency,,67223,66357,11663.3,663.57,6.6357,0,0.0,0.0,0.0,588,103.35,5.88,0.0588,0,0.0,0.0,0.0,278,48.86,2.78,0.0278,0,0.0,0.0,0.0,0,0.0,0.0,0.0,0,0.0,0.0,0.0,0,0.0,0.0,0.0,0,0.0,0.0,0.0,0,0.0,0.0,0.0
Gunung Sibela,Cagar Alam,226.762447238762,Federal or national ministry or agency,,2653034,2639031,11637.87,26390.31,263.9031,0,0.0,0.0,0.0,10943,48.26,109.43,1.0943,2,0.01,0.02,0.0002,0,0.0,0.0,0.0,21,0.09,0.21,0.0021,0,0.0,0.0,0.0,3037,13.39,30.37,0.3037,0,0.0,0.0,0.0,0,0.0,0.0,0.0,0,0.0,0.0,0.0
Pulau Obi,Cagar Alam,161.325777228342,Federal or national ministry or agency,,1887949,1887389,11699.24,18873.89,188.7389,0,0.0,0.0,0.0,560,3.47,5.6,0.056,0,0.0,0.0,0.0,0,0.0,0.0,0.0,0,0.0,0.0,0.0,0,0.0,0.0,0.0,0,0.0,0.0,0.0,0,0.0,0.0,0.0,0,0.0,0.0,0.0,0,0.0,0.0,0.0
Taliabu,Cagar Alam,97.2062282834077,Federal or national ministry or agency,,1137726,1130754,11632.53,11307.54,113.0754,0,0.0,0.0,0.0,6917,71.16,69.17,0.6917,0,0.0,0.0,0.0,0,0.0,0.0,0.0,55,0.57,0.55,0.0055,0,0.0,0.0,0.0,0,0.0,0.0,0.0,0,0.0,0.0,0.0,0,0.0,0.0,0.0,0,0.0,0.0,0.0
"Pulau Kerasian, Kerayaan, dan Kerumputan",KSA/KPA,4.38528672736763,Federal or national ministry or agency,,51433,41916,9558.33,419.16,4.1916,3,0.68,0.03,0.0003,823,187.67,8.23,0.0823,0,0.0,0.0,0.0,3651,832.56,36.51,0.3651,83,18.93,0.83,0.0083,0,0.0,0.0,0.0,4957,1130.37,49.57,0.4957,0,0.0,0.0,0.0,0,0.0,0.0,0.0,0,0.0,0.0,0.0
Pulau Pombo,Taman Wisata Alam,1.78229896044393,Federal or national ministry or agency,,20873,0,0.0,0.0,0.0,0,0.0,0.0,0.0,5,2.81,0.05,0.0005,0,0.0,0.0,0.0,0,0.0,0.0,0.0,9,5.05,0.09,0.0009,0,0.0,0.0,0.0,20857,11702.3,208.57,2.0857,2,1.12,0.02,0.0002,0,0.0,0.0,0.0,0,0.0,0.0,0.0
Gunung Sahuwai,KSA/KPA,183.379437991339,Federal or national ministry or agency,,2148621,2127618,11602.27,21276.18,212.7618,0,0.0,0.0,0.0,21002,114.53,210.02,2.1002,0,0.0,0.0,0.0,0,0.0,0.0,0.0,1,0.01,0.01,0.0001,0,0.0,0.0,0.0,0,0.0,0.0,0.0,0,0.0,0.0,0.0,0,0.0,0.0,0.0,0,0.0,0.0,0.0
Gunung Api Banda,Taman Wisata Alam,7.13101349671872,Federal or national ministry or agency,,83690,70396,9871.81,703.96,7.0396,28,3.93,0.28,0.0028,4454,624.6,44.54,0.4454,0,0.0,0.0,0.0,370,51.89,3.7,0.037,1918,268.97,19.18,0.1918,0,0.0,0.0,0.0,6524,914.88,65.24,0.6524,0,0.0,0.0,0.0,0,0.0,0.0,0.0,0,0.0,0.0,0.0
KKPN LAUT BANDA,Taman Wisata Perairan,25.0012929508962,Federal or national ministry or agency,,293392,340,13.6,3.4,0.034,0,0.0,0.0,0.0,2,0.08,0.02,0.0002,0,0.0,0.0,0.0,160,6.4,1.6,0.016,38,1.52,0.38,0.0038,0,0.0,0.0,0.0,292852,11713.47,2928.52,29.2852,0,0.0,0.0,0.0,0,0.0,0.0,0.0,0,0.0,0.0,0.0
Pulau Manuk,Wildlife Reserve,1.12730018752615,Federal or national ministry or agency,,13251,9579,8497.29,95.79,0.9579,0,0.0,0.0,0.0,2178,1932.05,21.78,0.2178,9,7.98,0.09,0.0009,56,49.68,0.56,0.0056,143,126.85,1.43,0.0143,0,0.0,0.0,0.0,1199,1063.6,11.99,0.1199,87,77.18,0.87,0.0087,0,0.0,0.0,0.0,0,0.0,0.0,0.0
Pulau Nuswotar,Cagar Alam,21.7976125486293,Federal or national ministry or agency,,257053,236151,10833.8,2361.51,23.6151,0,0.0,0.0,0.0,1343,61.61,13.43,0.1343,0,0.0,0.0,0.0,0,0.0,0.0,0.0,225,10.32,2.25,0.0225,0,0.0,0.0,0.0,1566,71.84,15.66,0.1566,3,0.14,0.03,0.0003,17765,815.0,177.65,1.7765,0,0.0,0.0,0.0
Pulau Nustaram,Cagar Alam,24.8919617794697,Federal or national ministry or agency,,293664,292663,11757.33,2926.63,29.2663,0,0.0,0.0,0.0,860,34.55,8.6,0.086,0,0.0,0.0,0.0,0,0.0,0.0,0.0,0,0.0,0.0,0.0,0,0.0,0.0,0.0,0,0.0,0.0,0.0,0,0.0,0.0,0.0,141,5.66,1.41,0.0141,0,0.0,0.0,0.0
Pulau Angwarmase,Cagar Alam,2.95966749038496,Federal or national ministry or agency,,34950,27373,9248.67,273.73,2.7373,0,0.0,0.0,0.0,6690,2260.39,66.9,0.669,0,0.0,0.0,0.0,0,0.0,0.0,0.0,1,0.34,0.01,0.0001,0,0.0,0.0,0.0,353,119.27,3.53,0.0353,0,0.0,0.0,0.0,533,180.09,5.33,0.0533,0,0.0,0.0,0.0
Pulau Kobror,Taman Wisata Alam,2.48667184367705,Federal or national ministry or agency,,29395,45,18.1,0.45,0.0045,0,0.0,0.0,0.0,26375,10606.55,263.75,2.6375,0,0.0,0.0,0.0,156,62.73,1.56,0.0156,1572,632.17,15.72,0.1572,0,0.0,0.0,0.0,846,340.21,8.46,0.0846,0,0.0,0.0,0.0,401,161.26,4.01,0.0401,0,0.0,0.0,0.0
Kepulauan Banyak,Taman Wisata Alam,2305.61736416858,Federal or national ministry or agency,,26989965,2652974,1150.66,26529.74,265.2974,1579,0.68,15.79,0.1579,6158,2.67,61.58,0.6158,506,0.22,5.06,0.0506,143,0.06,1.43,0.0143,743,0.32,7.43,0.0743,0,0.0,0.0,0.0,24141284,10470.64,241412.84,2414.1284,2931,1.27,29.31,0.2931,183647,79.65,1836.47,18.3647,0,0.0,0.0,0.0
Gunung Lokon,Cagar Alam,7.75708137702538,Federal or national ministry or agency,,90788,61913,7981.48,619.13,6.1913,0,0.0,0.0,0.0,22761,2934.22,227.61,2.2761,26,3.35,0.26,0.0026,23,2.97,0.23,0.0023,6065,781.87,60.65,0.6065,0,0.0,0.0,0.0,0,0.0,0.0,0.0,0,0.0,0.0,0.0,0,0.0,0.0,0.0,0,0.0,0.0,0.0
Tangale,Cagar Alam,1.00525144828434,Federal or national ministry or agency,,11745,11687,11625.95,116.87,1.1687,0,0.0,0.0,0.0,58,57.7,0.58,0.0058,0,0.0,0.0,0.0,0,0.0,0.0,0.0,0,0.0,0.0,0.0,0,0.0,0.0,0.0,0,0.0,0.0,0.0,0,0.0,0.0,0.0,0,0.0,0.0,0.0,0,0.0,0.0,0.0
Pati-Pati,Suaka Margasatwa,30.6926531599002,Federal or national ministry or agency,,359091,301544,9824.63,3015.44,30.1544,0,0.0,0.0,0.0,45580,1485.05,455.8,4.558,10,0.33,0.1,0.001,0,0.0,0.0,0.0,75,2.44,0.75,0.0075,0,0.0,0.0,0.0,599,19.52,5.99,0.0599,0,0.0,0.0,0.0,11283,367.61,112.83,1.1283,0,0.0,0.0,0.0
Pinjan/Tanjung Matop,Suaka Margasatwa,17.8716761019907,Federal or national ministry or agency,,209125,205542,11500.99,2055.42,20.5542,0,0.0,0.0,0.0,529,29.6,5.29,0.0529,43,2.41,0.43,0.0043,0,0.0,0.0,0.0,55,3.08,0.55,0.0055,0,0.0,0.0,0.0,2651,148.34,26.51,0.2651,305,17.07,3.05,0.0305,0,0.0,0.0,0.0,0,0.0,0.0,0.0
Dolangan,Suaka Margasatwa,1.59209861071468,Federal or national ministry or agency,,18624,17556,11026.96,175.56,1.7556,0,0.0,0.0,0.0,144,90.45,1.44,0.0144,0,0.0,0.0,0.0,0,0.0,0.0,0.0,0,0.0,0.0,0.0,0,0.0,0.0,0.0,921,578.48,9.21,0.0921,3,1.88,0.03,0.0003,0,0.0,0.0,0.0,0,0.0,0.0,0.0
Gunung Sojol,Cagar Alam,685.30335497842,Federal or national ministry or agency,,8017535,7841790,11442.8,78417.9,784.179,0,0.0,0.0,0.0,175558,256.18,1755.58,17.5558,19,0.03,0.19,0.0019,32,0.05,0.32,0.0032,136,0.2,1.36,0.0136,0,0.0,0.0,0.0,0,0.0,0.0,0.0,0,0.0,0.0,0.0,0,0.0,0.0,0.0,0,0.0,0.0,0.0
Sulawesi Tengah,Taman Hutan Raya,73.2446398425705,Sub-national ministry or agency,,848683,719683,9825.74,7196.83,71.9683,0,0.0,0.0,0.0,126523,1727.4,1265.23,12.6523,251,3.43,2.51,0.0251,280,3.82,2.8,0.028,1946,26.57,19.46,0.1946,0,0.0,0.0,0.0,0,0.0,0.0,0.0,0,0.0,0.0,0.0,0,0.0,0.0,0.0,0,0.0,0.0,0.0
Bangkiriang,Wildlife Reserve,122.819452233073,Federal or national ministry or agency,,1437251,1305112,10626.26,13051.12,130.5112,1499,12.2,14.99,0.1499,85844,698.94,858.44,8.5844,11186,91.08,111.86,1.1186,364,2.96,3.64,0.0364,1944,15.83,19.44,0.1944,0,0.0,0.0,0.0,2382,19.39,23.82,0.2382,25,0.2,0.25,0.0025,28895,235.26,288.95,2.8895,0,0.0,0.0,0.0
Pegunungan Faruhumpenai,Nature Reserve,907.661346864235,Federal or national ministry or agency,,10627169,10519423,11589.59,105194.23,1051.9423,3,0.0,0.03,0.0003,92617,102.04,926.17,9.2617,13234,14.58,132.34,1.3234,286,0.32,2.86,0.0286,46,0.05,0.46,0.0046,0,0.0,0.0,0.0,1117,1.23,11.17,0.1117,443,0.49,4.43,0.0443,0,0.0,0.0,0.0,0,0.0,0.0,0.0
Danau Matano,Taman Wisata Alam,232.183108261357,Federal or national ministry or agency,,2718727,827599,3564.42,8275.99,82.7599,0,0.0,0.0,0.0,10902,46.95,109.02,1.0902,581,2.5,5.81,0.0581,274,1.18,2.74,0.0274,280,1.21,2.8,0.028,0,0.0,0.0,0.0,1879076,8093.08,18790.76,187.9076,15,0.06,0.15,0.0015,0,0.0,0.0,0.0,0,0.0,0.0,0.0
Danau Towuti,Taman Wisata Alam,621.413256086037,Federal or national ministry or agency,,7278021,743796,1196.94,7437.96,74.3796,0,0.0,0.0,0.0,19944,32.09,199.44,1.9944,836,1.35,8.36,0.0836,60,0.1,0.6,0.006,1272,2.05,12.72,0.1272,0,0.0,0.0,0.0,6511757,10478.95,65117.57,651.1757,356,0.57,3.56,0.0356,0,0.0,0.0,0.0,0,0.0,0.0,0.0
Rompi,Taman Wisata Alam,0.751959442264531,Federal or national ministry or agency,,8860,7700,10239.91,77.0,0.77,0,0.0,0.0,0.0,148,196.82,1.48,0.0148,625,831.16,6.25,0.0625,262,348.42,2.62,0.0262,125,166.23,1.25,0.0125,0,0.0,0.0,0.0,0,0.0,0.0,0.0,0,0.0,0.0,0.0,0,0.0,0.0,0.0,0,0.0,0.0,0.0
Bontobahari,Taman Hutan Raya,34.8220036158509,Sub-national ministry or agency,,409258,335839,9644.45,3358.39,33.5839,133,3.82,1.33,0.0133,72403,2079.23,724.03,7.2403,352,10.11,3.52,0.0352,70,2.01,0.7,0.007,20,0.57,0.2,0.002,0,0.0,0.0,0.0,441,12.66,4.41,0.0441,0,0.0,0.0,0.0,0,0.0,0.0,0.0,0,0.0,0.0,0.0
Komara,Taman Buru,27.0169575816542,Federal or national ministry or agency,,317404,314649,11646.35,3146.49,31.4649,0,0.0,0.0,0.0,2542,94.09,25.42,0.2542,213,7.88,2.13,0.0213,0,0.0,0.0,0.0,0,0.0,0.0,0.0,0,0.0,0.0,0.0,0,0.0,0.0,0.0,0,0.0,0.0,0.0,0,0.0,0.0,0.0,0,0.0,0.0,0.0
Take Bone Rate,Taman Nasional,5595.86841782762,Federal or national ministry or agency,,65890263,3047,0.54,30.47,0.3047,74,0.01,0.74,0.0074,24645,4.4,246.45,2.4645,0,0.0,0.0,0.0,4626,0.83,46.26,0.4626,5013,0.9,50.13,0.5013,0,0.0,0.0,0.0,65852771,11768.11,658527.71,6585.2771,87,0.02,0.87,0.0087,0,0.0,0.0,0.0,0,0.0,0.0,0.0
Nantu,Suaka Margasatwa,516.981153113905,Federal or national ministry or agency,,6048679,6015248,11635.33,60152.48,601.5248,0,0.0,0.0,0.0,29256,56.59,292.56,2.9256,3808,7.37,38.08,0.3808,10,0.02,0.1,0.001,327,0.63,3.27,0.0327,0,0.0,0.0,0.0,30,0.06,0.3,0.003,0,0.0,0.0,0.0,0,0.0,0.0,0.0,0,0.0,0.0,0.0
Lamedae,Cagar Alam,6.40228635480541,Federal or national ministry or agency,,75113,75073,11725.97,750.73,7.5073,0,0.0,0.0,0.0,18,2.81,0.18,0.0018,0,0.0,0.0,0.0,22,3.44,0.22,0.0022,0,0.0,0.0,0.0,0,0.0,0.0,0.0,0,0.0,0.0,0.0,0,0.0,0.0,0.0,0,0.0,0.0,0.0,0,0.0,0.0,0.0
Tanjung Amolengo,Suaka Margasatwa,6.19994193374804,Federal or national ministry or agency,,72738,36855,5944.41,368.55,3.6855,0,0.0,0.0,0.0,0,0.0,0.0,0.0,0,0.0,0.0,0.0,0,0.0,0.0,0.0,0,0.0,0.0,0.0,0,0.0,0.0,0.0,271,43.71,2.71,0.0271,0,0.0,0.0,0.0,35612,5743.92,356.12,3.5612,0,0.0,0.0,0.0
Tirta Rimba Air Jatuh,Taman Wisata Alam,4.89929692445948,Federal or national ministry or agency,,57573,57045,11643.51,570.45,5.7045,0,0.0,0.0,0.0,433,88.38,4.33,0.0433,0,0.0,0.0,0.0,95,19.39,0.95,0.0095,0,0.0,0.0,0.0,0,0.0,0.0,0.0,0,0.0,0.0,0.0,0,0.0,0.0,0.0,0,0.0,0.0,0.0,0,0.0,0.0,0.0
Buton Utara,Suaka Margasatwa,912.149051870201,Federal or national ministry or agency,,6765734,6755390,7406.02,67553.9,675.539,0,0.0,0.0,0.0,9855,10.8,98.55,0.9855,201,0.22,2.01,0.0201,177,0.19,1.77,0.0177,111,0.12,1.11,0.0111,0,0.0,0.0,0.0,0,0.0,0.0,0.0,0,0.0,0.0,0.0,0,0.0,0.0,0.0,0,0.0,0.0,0.0
Lambusango,Suaka Margasatwa,276.043146701461,Federal or national ministry or agency,,3242786,3228719,11696.43,32287.19,322.8719,0,0.0,0.0,0.0,11940,43.25,119.4,1.194,137,0.5,1.37,0.0137,14,0.05,0.14,0.0014,1976,7.16,19.76,0.1976,0,0.0,0.0,0.0,0,0.0,0.0,0.0,0,0.0,0.0,0.0,0,0.0,0.0,0.0,0,0.0,0.0,0.0
Teluk Lasolo,Taman Wisata Alam,727.024702510376,Federal or national ministry or agency,,8521451,1353,1.86,13.53,0.1353,0,0.0,0.0,0.0,151,0.21,1.51,0.0151,0,0.0,0.0,0.0,16,0.02,0.16,0.0016,355,0.49,3.55,0.0355,0,0.0,0.0,0.0,8519196,11717.89,85191.96,851.9196,221,0.3,2.21,0.0221,159,0.22,1.59,0.0159,0,0.0,0.0,0.0
Selat Muna,Game Reserve,674.629809989905,Not Reported,,7924791,259468,384.61,2594.68,25.9468,155,0.23,1.55,0.0155,51346,76.11,513.46,5.1346,1385,2.05,13.85,0.1385,22321,33.09,223.21,2.2321,9193,13.63,91.93,0.9193,0,0.0,0.0,0.0,7450043,11043.16,74500.43,745.0043,6665,9.88,66.65,0.6665,124215,184.12,1242.15,12.4215,0,0.0,0.0,0.0
Kepulauan Tukang Besi,Game Reserve,2324.06010942871,Not Reported,,22405149,96,0.04,0.96,0.0096,0,0.0,0.0,0.0,100,0.04,1.0,0.01,0,0.0,0.0,0.0,0,0.0,0.0,0.0,11,0.0,0.11,0.0011,0,0.0,0.0,0.0,22404939,9640.43,224049.39,2240.4939,3,0.0,0.03,0.0003,0,0.0,0.0,0.0,0,0.0,0.0,0.0
Lingga Isaq,Taman Buru,862.900032525992,Federal or national ministry or agency,,10123768,9910365,11484.95,99103.65,991.0365,0,0.0,0.0,0.0,209056,242.27,2090.56,20.9056,56,0.06,0.56,0.0056,79,0.09,0.79,0.0079,594,0.69,5.94,0.0594,0,0.0,0.0,0.0,3618,4.19,36.18,0.3618,0,0.0,0.0,0.0,0,0.0,0.0,0.0,0,0.0,0.0,0.0
Pulau Bengkaru,Nature Reserve,63.7080903682624,Not Reported,,745773,572726,8989.85,5727.26,57.2726,71,1.11,0.71,0.0071,168,2.64,1.68,0.0168,69,1.08,0.69,0.0069,0,0.0,0.0,0.0,308,4.83,3.08,0.0308,0,0.0,0.0,0.0,172410,2706.25,1724.1,17.241,21,0.33,0.21,0.0021,0,0.0,0.0,0.0,0,0.0,0.0,0.0
Pulau Weh,Taman Wisata Alam,65.016317026853,Federal or national ministry or agency,,764574,146408,2251.87,1464.08,14.6408,0,0.0,0.0,0.0,25,0.38,0.25,0.0025,34,0.52,0.34,0.0034,33,0.51,0.33,0.0033,18,0.28,0.18,0.0018,0,0.0,0.0,0.0,618056,9506.17,6180.56,61.8056,0,0.0,0.0,0.0,0,0.0,0.0,0.0,0,0.0,0.0,0.0
Sibolangit,Taman Wisata Alam,0.233990587286312,Federal or national ministry or agency,,2747,2742,11718.42,27.42,0.2742,0,0.0,0.0,0.0,2,8.55,0.02,0.0002,0,0.0,0.0,0.0,3,12.82,0.03,0.0003,0,0.0,0.0,0.0,0,0.0,0.0,0.0,0,0.0,0.0,0.0,0,0.0,0.0,0.0,0,0.0,0.0,0.0,0,0.0,0.0,0.0
Sibolangit,Cagar Alam,0.946266676893621,Federal or national ministry or agency,,11078,11024,11649.99,110.24,1.1024,0,0.0,0.0,0.0,28,29.59,0.28,0.0028,0,0.0,0.0,0.0,26,27.48,0.26,0.0026,0,0.0,0.0,0.0,0,0.0,0.0,0.0,0,0.0,0.0,0.0,0,0.0,0.0,0.0,0,0.0,0.0,0.0,0,0.0,0.0,0.0
Tinggi Raja,Cagar Alam,2.02485383707063,Federal or national ministry or agency,,23722,23309,11511.45,233.09,2.3309,0,0.0,0.0,0.0,306,151.12,3.06,0.0306,0,0.0,0.0,0.0,61,30.13,0.61,0.0061,46,22.72,0.46,0.0046,0,0.0,0.0,0.0,0,0.0,0.0,0.0,0,0.0,0.0,0.0,0,0.0,0.0,0.0,0,0.0,0.0,0.0
Karang Gading dan Langkat Timur Laut,Suaka Margasatwa,134.118718356994,Federal or national ministry or agency,,1572564,254538,1897.86,2545.38,25.4538,5788,43.16,57.88,0.5788,42809,319.19,428.09,4.2809,66917,498.94,669.17,6.6917,1269,9.46,12.69,0.1269,802,5.98,8.02,0.0802,0,0.0,0.0,0.0,23810,177.53,238.1,2.381,9019,67.25,90.19,0.9019,1167612,8705.81,11676.12,116.7612,0,0.0,0.0,0.0
Batang Palupuh,Cagar Alam,0.03503643966393,Federal or national ministry or agency,,416,416,11873.35,4.16,0.0416,0,0.0,0.0,0.0,0,0.0,0.0,0.0,0,0.0,0.0,0.0,0,0.0,0.0,0.0,0,0.0,0.0,0.0,0,0.0,0.0,0.0,0,0.0,0.0,0.0,0,0.0,0.0,0.0,0,0.0,0.0,0.0,0,0.0,0.0,0.0
Lembah Anai,Cagar Alam,2.7667483901137,Federal or national ministry or agency,,32376,32133,11613.99,321.33,3.2133,0,0.0,0.0,0.0,82,29.64,0.82,0.0082,0,0.0,0.0,0.0,159,57.47,1.59,0.0159,2,0.72,0.02,0.0002,0,0.0,0.0,0.0,0,0.0,0.0,0.0,0,0.0,0.0,0.0,0,0.0,0.0,0.0,0,0.0,0.0,0.0
Mega Mendung,Taman Wisata Alam,1.1228043795045,Federal or national ministry or agency,,13121,12937,11522.04,129.37,1.2937,0,0.0,0.0,0.0,10,8.91,0.1,0.001,0,0.0,0.0,0.0,174,154.97,1.74,0.0174,0,0.0,0.0,0.0,0,0.0,0.0,0.0,0,0.0,0.0,0.0,0,0.0,0.0,0.0,0,0.0,0.0,0.0,0,0.0,0.0,0.0
Lembah Harau,Taman Wisata Alam,40.8518544220102,Federal or national ministry or agency,,477912,475292,11634.53,4752.92,47.5292,0,0.0,0.0,0.0,2056,50.33,20.56,0.2056,32,0.78,0.32,0.0032,530,12.97,5.3,0.053,1,0.02,0.01,0.0001,0,0.0,0.0,0.0,1,0.02,0.01,0.0001,0,0.0,0.0,0.0,0,0.0,0.0,0.0,0,0.0,0.0,0.0
Malampah Alahan Panjang,Suaka Margasatwa,391.894853868223,Federal or national ministry or agency,,3134049,3093817,7894.51,30938.17,309.3817,0,0.0,0.0,0.0,39953,101.95,399.53,3.9953,247,0.63,2.47,0.0247,14,0.04,0.14,0.0014,18,0.05,0.18,0.0018,0,0.0,0.0,0.0,0,0.0,0.0,0.0,0,0.0,0.0,0.0,0,0.0,0.0,0.0,0,0.0,0.0,0.0
Maninjau,Cagar Alam,219.000980759039,Federal or national ministry or agency,,2562116,2520544,11509.28,25205.44,252.0544,0,0.0,0.0,0.0,39739,181.46,397.39,3.9739,1595,7.28,15.95,0.1595,226,1.03,2.26,0.0226,12,0.05,0.12,0.0012,0,0.0,0.0,0.0,0,0.0,0.0,0.0,0,0.0,0.0,0.0,0,0.0,0.0,0.0,0,0.0,0.0,0.0
Singgalang Tandikat,Taman Wisata Alam,98.0621697547902,Federal or national ministry or agency,,1147249,1124179,11463.94,11241.79,112.4179,0,0.0,0.0,0.0,22147,225.85,221.47,2.2147,492,5.02,4.92,0.0492,158,1.61,1.58,0.0158,7,0.07,0.07,0.0007,0,0.0,0.0,0.0,266,2.71,2.66,0.0266,0,0.0,0.0,0.0,0,0.0,0.0,0.0,0,0.0,0.0,0.0
Batang Pangean I,Cagar Alam,270.87739290887,Federal or national ministry or agency,,3169227,3156535,11653.0,31565.35,315.6535,0,0.0,0.0,0.0,8157,30.11,81.57,0.8157,3710,13.7,37.1,0.371,761,2.81,7.61,0.0761,64,0.24,0.64,0.0064,0,0.0,0.0,0.0,0,0.0,0.0,0.0,0,0.0,0.0,0.0,0,0.0,0.0,0.0,0,0.0,0.0,0.0
Gunung Sago Malintang,Taman Wisata Alam,52.6859816299892,Federal or national ministry or agency,,616346,606603,11513.56,6066.03,60.6603,0,0.0,0.0,0.0,9235,175.28,92.35,0.9235,351,6.66,3.51,0.0351,75,1.42,0.75,0.0075,10,0.19,0.1,0.001,0,0.0,0.0,0.0,72,1.37,0.72,0.0072,0,0.0,0.0,0.0,0,0.0,0.0,0.0,0,0.0,0.0,0.0
Pulau Berkeh,Cagar Alam,74.4375692431603,Federal or national ministry or agency,,871465,105203,1413.31,1052.03,10.5203,869,11.67,8.69,0.0869,18,0.24,0.18,0.0018,6482,87.08,64.82,0.6482,0,0.0,0.0,0.0,32,0.43,0.32,0.0032,0,0.0,0.0,0.0,13696,183.99,136.96,1.3696,334,4.49,3.34,0.0334,744831,10006.12,7448.31,74.4831,0,0.0,0.0,0.0
Pulau Laut,Cagar Alam,1157.6192879333,Federal or national ministry or agency,,13550199,12815965,11070.97,128159.65,1281.5965,35,0.03,0.35,0.0035,25384,21.93,253.84,2.5384,42,0.04,0.42,0.0042,1962,1.69,19.62,0.1962,15711,13.57,157.11,1.5711,0,0.0,0.0,0.0,61157,52.83,611.57,6.1157,1681,1.45,16.81,0.1681,628262,542.72,6282.62,62.8262,0,0.0,0.0,0.0
Bukit Rimbang Bukit Baling,Suaka Margasatwa,1416.46039103883,Federal or national ministry or agency,,16571036,16555089,11687.65,165550.89,1655.5089,1,0.0,0.01,0.0001,11974,8.45,119.74,1.1974,65,0.05,0.65,0.0065,1182,0.83,11.82,0.1182,1104,0.78,11.04,0.1104,0,0.0,0.0,0.0,1621,1.14,16.21,0.1621,0,0.0,0.0,0.0,0,0.0,0.0,0.0,0,0.0,0.0,0.0
Giam Siak Kecil,Suaka Margasatwa,782.558039744111,Federal or national ministry or agency,,9156745,8075309,10319.12,80753.09,807.5309,128220,163.85,1282.2,12.822,150609,192.46,1506.09,15.0609,15544,19.86,155.44,1.5544,107,0.14,1.07,0.0107,176,0.22,1.76,0.0176,0,0.0,0.0,0.0,325031,415.34,3250.31,32.5031,461749,590.05,4617.49,46.1749,0,0.0,0.0,0.0,0,0.0,0.0,0.0
Pulau Pasir Panjang,Nature Recreation Park,1.7084614640479,Not Reported,,19992,5211,3050.11,52.11,0.5211,0,0.0,0.0,0.0,2209,1292.98,22.09,0.2209,37,21.66,0.37,0.0037,0,0.0,0.0,0.0,443,259.3,4.43,0.0443,0,0.0,0.0,0.0,4883,2858.13,48.83,0.4883,0,0.0,0.0,0.0,7209,4219.59,72.09,0.7209,0,0.0,0.0,0.0
Bukit Batu,Suaka Margasatwa,216.290244112169,Federal or national ministry or agency,,2531037,2507532,11593.37,25075.32,250.7532,6225,28.78,62.25,0.6225,5585,25.82,55.85,0.5585,491,2.27,4.91,0.0491,0,0.0,0.0,0.0,75,0.35,0.75,0.0075,0,0.0,0.0,0.0,1233,5.7,12.33,0.1233,9896,45.75,98.96,0.9896,0,0.0,0.0,0.0,0,0.0,0.0,0.0
Tasik Tanjung Padang,Suaka Margasatwa,52.8604329483518,Federal or national ministry or agency,,618512,589996,11161.39,5899.96,58.9996,348,6.58,3.48,0.0348,4807,90.94,48.07,0.4807,1,0.02,0.01,0.0001,0,0.0,0.0,0.0,13,0.25,0.13,0.0013,0,0.0,0.0,0.0,23330,441.35,233.3,2.333,17,0.32,0.17,0.0017,0,0.0,0.0,0.0,0,0.0,0.0,0.0
Tasik Besar-Tasik Metas,Suaka Margasatwa,50.3911981085324,Federal or national ministry or agency,,589540,525788,10434.12,5257.88,52.5788,0,0.0,0.0,0.0,13,0.26,0.13,0.0013,0,0.0,0.0,0.0,0,0.0,0.0,0.0,0,0.0,0.0,0.0,0,0.0,0.0,0.0,63611,1262.34,636.11,6.3611,128,2.54,1.28,0.0128,0,0.0,0.0,0.0,0,0.0,0.0,0.0
Hutan Bakau Pantai Timur,Cagar Alam,51.0015434919081,Federal or national ministry or agency,,596755,52701,1033.32,527.01,5.2701,1702,33.37,17.02,0.1702,21480,421.16,214.8,2.148,2254,44.19,22.54,0.2254,522,10.23,5.22,0.0522,650,12.74,6.5,0.065,0,0.0,0.0,0.0,17377,340.72,173.77,1.7377,98,1.92,0.98,0.0098,499971,9803.06,4999.71,49.9971,0,0.0,0.0,0.0
Bentayan,Suaka Margasatwa,236.466342673161,Federal or national ministry or agency,,2768550,2584162,10928.24,25841.62,258.4162,48,0.2,0.48,0.0048,180293,762.45,1802.93,18.0293,1547,6.54,15.47,0.1547,2187,9.25,21.87,0.2187,313,1.32,3.13,0.0313,0,0.0,0.0,0.0,0,0.0,0.0,0.0,0,0.0,0.0,0.0,0,0.0,0.0,0.0,0,0.0,0.0,0.0
